dataset,image,engine,time_sec,text_length,predicted_text
hindi,1.jpg,tesseract,0.301,3,हुए
hindi,1.jpg,easyocr,4.359,0,
hindi,1.jpg,paddle,0.0,33,ERROR: Unknown argument: show_log
hindi,1.jpg,doctr,1.264,0,
hindi,10.jpg,tesseract,0.15,10,"£ पल उप क,"
hindi,10.jpg,easyocr,1.453,5,> ४८1
hindi,10.jpg,paddle,0.0,33,ERROR: Unknown argument: show_log
hindi,10.jpg,doctr,1.441,7,- - M16
hindi,12.jpg,tesseract,0.15,8,235 पानी
hindi,12.jpg,easyocr,1.392,4,टपान
hindi,12.jpg,paddle,0.0,33,ERROR: Unknown argument: show_log
hindi,12.jpg,doctr,1.277,4,e gh
hindi,13.jpg,tesseract,0.09,0,
hindi,13.jpg,easyocr,1.003,4,शाोक
hindi,13.jpg,paddle,0.0,33,ERROR: Unknown argument: show_log
hindi,13.jpg,doctr,1.326,3,C a
hindi,2.jpg,tesseract,0.141,9,30 0७४३ ९
hindi,2.jpg,easyocr,1.378,3,रकछ
hindi,2.jpg,paddle,0.0,33,ERROR: Unknown argument: show_log
hindi,2.jpg,doctr,1.403,6,1 t 19
hindi,20.jpg,tesseract,0.193,13,प्रदिनिलेर्या
hindi,20.jpg,easyocr,1.8,12,प्रतिनिघियां
hindi,20.jpg,paddle,0.0,33,ERROR: Unknown argument: show_log
hindi,20.jpg,doctr,1.571,16,91 - - - o (E/21
hindi,23.jpg,tesseract,0.125,9,छ्ख््गा ।
hindi,23.jpg,easyocr,1.597,7,२६णा| (
hindi,23.jpg,paddle,0.0,33,ERROR: Unknown argument: show_log
hindi,23.jpg,doctr,1.433,5,- - -
hindi,25.jpg,tesseract,0.159,2,35
hindi,25.jpg,easyocr,1.243,7,१ छात्न
hindi,25.jpg,paddle,0.0,33,ERROR: Unknown argument: show_log
hindi,25.jpg,doctr,1.427,5,- 0 à
hindi,26.jpg,tesseract,0.111,0,
hindi,26.jpg,easyocr,1.287,6,ज्नद /
hindi,26.jpg,paddle,0.0,33,ERROR: Unknown argument: show_log
hindi,26.jpg,doctr,1.31,1,J
hindi,28.jpg,tesseract,0.159,9,है. । 58४
hindi,28.jpg,easyocr,1.303,5,नवाला
hindi,28.jpg,paddle,0.0,33,ERROR: Unknown argument: show_log
hindi,28.jpg,doctr,1.676,21,* - - - - ( - - C O 3
hindi,3.jpg,tesseract,0.122,12,ठिपप्रफी क्‍
hindi,3.jpg,easyocr,1.398,5,प्पणो
hindi,3.jpg,paddle,0.0,33,ERROR: Unknown argument: show_log
hindi,3.jpg,doctr,1.49,7,A I C I
hindi,33.jpg,tesseract,0.119,0,
hindi,33.jpg,easyocr,1.432,2,पट
hindi,33.jpg,paddle,0.0,33,ERROR: Unknown argument: show_log
hindi,33.jpg,doctr,1.41,11,C a - - noc
hindi,6.jpg,tesseract,0.093,0,
hindi,6.jpg,easyocr,1.77,7,२| 0% 0
hindi,6.jpg,paddle,0.0,33,ERROR: Unknown argument: show_log
hindi,6.jpg,doctr,1.313,7,A Hod1d
hindi,7.jpg,tesseract,0.117,0,
hindi,7.jpg,easyocr,0.784,0,
hindi,7.jpg,paddle,0.0,33,ERROR: Unknown argument: show_log
hindi,7.jpg,doctr,1.381,3,( C
hindi,8.jpg,tesseract,0.125,0,
hindi,8.jpg,easyocr,1.53,2,4^
hindi,8.jpg,paddle,0.0,33,ERROR: Unknown argument: show_log
hindi,8.jpg,doctr,1.428,11,- - a a - 1
telugu,1.jpg,tesseract,0.099,0,
telugu,1.jpg,easyocr,2.948,2,?హ
telugu,1.jpg,paddle,0.0,33,ERROR: Unknown argument: show_log
telugu,1.jpg,doctr,1.563,16,a - - S ea - - 2
telugu,11.jpg,tesseract,0.109,5,లదచే(
telugu,11.jpg,easyocr,0.91,2,డన
telugu,11.jpg,paddle,0.0,33,ERROR: Unknown argument: show_log
telugu,11.jpg,doctr,1.417,4,2 oN
telugu,12.jpg,tesseract,0.208,14,సుల 6యథఠం య నన
telugu,12.jpg,easyocr,2.356,8,(మదిం ఎం
telugu,12.jpg,paddle,0.0,33,ERROR: Unknown argument: show_log
telugu,12.jpg,doctr,1.45,15,No Caco 5 - ecs
telugu,15.jpg,tesseract,0.202,8,(సఖ బంత!
telugu,15.jpg,easyocr,2.06,7,(ఎా1.6ఒ
telugu,15.jpg,paddle,0.0,33,ERROR: Unknown argument: show_log
telugu,15.jpg,doctr,1.499,14,- ( - es 25 8o
telugu,16.jpg,tesseract,0.179,19,(గౌ ము తులలూలవుం తీ
telugu,16.jpg,easyocr,2.366,11,ము ఎంరాంులి
telugu,16.jpg,paddle,0.0,33,ERROR: Unknown argument: show_log
telugu,16.jpg,doctr,1.451,18,m 55 00 C50 035 es
telugu,17.jpg,tesseract,0.127,6,తీగంటీ
telugu,17.jpg,easyocr,1.515,4,కకగచ
telugu,17.jpg,paddle,0.0,33,ERROR: Unknown argument: show_log
telugu,17.jpg,doctr,1.38,9,SC 2 Rots
telugu,18.jpg,tesseract,0.173,5,ెలరోయ
telugu,18.jpg,easyocr,1.732,7,ఎె 25(0
telugu,18.jpg,paddle,0.0,33,ERROR: Unknown argument: show_log
telugu,18.jpg,doctr,1.4,12,3 2 9 Seo0 -
telugu,19.jpg,tesseract,0.124,6,కీందే.
telugu,19.jpg,easyocr,0.928,2,50
telugu,19.jpg,paddle,0.0,33,ERROR: Unknown argument: show_log
telugu,19.jpg,doctr,1.351,3,- -
telugu,2 - Copy.jpg,tesseract,0.095,0,
telugu,2 - Copy.jpg,easyocr,1.064,3,10డ
telugu,2 - Copy.jpg,paddle,0.001,33,ERROR: Unknown argument: show_log
telugu,2 - Copy.jpg,doctr,1.349,11,C - o OGa -
telugu,2.jpg,tesseract,0.095,0,
telugu,2.jpg,easyocr,1.104,3,10డ
telugu,2.jpg,paddle,0.0,33,ERROR: Unknown argument: show_log
telugu,2.jpg,doctr,1.4,11,C - o OGa -
telugu,21.jpg,tesseract,0.084,0,
telugu,21.jpg,easyocr,1.421,7,'089' ప
telugu,21.jpg,paddle,0.0,33,ERROR: Unknown argument: show_log
telugu,21.jpg,doctr,1.544,13,- - J 2 a oes
telugu,22.jpg,tesseract,0.18,8,చ లంటులు
telugu,22.jpg,easyocr,1.941,5,వ 6డ.
telugu,22.jpg,paddle,0.0,33,ERROR: Unknown argument: show_log
telugu,22.jpg,doctr,1.484,15,231 - 5 olaso €
telugu,4.jpg,tesseract,0.172,1,క
telugu,4.jpg,easyocr,1.617,6,నిగ టు
telugu,4.jpg,paddle,0.0,33,ERROR: Unknown argument: show_log
telugu,4.jpg,doctr,1.413,10,Cs 21 0. C
telugu,5.jpg,tesseract,0.169,11,ఎతాచోటన న్న
telugu,5.jpg,easyocr,1.644,10,లనెదౌనిమ్ై
telugu,5.jpg,paddle,0.001,33,ERROR: Unknown argument: show_log
telugu,5.jpg,doctr,1.458,11,P 3 Crs & a
telugu,6.jpg,tesseract,0.16,10,గాజ్బమ్టైన
telugu,6.jpg,easyocr,1.475,6,గషైన ం
telugu,6.jpg,paddle,0.0,33,ERROR: Unknown argument: show_log
telugu,6.jpg,doctr,1.271,10,noc 2n0273
english_scanned,82092117.png,tesseract,0.581,1304,"AIT. GEN, ADMIN, OFFICE Fax:614-~466-S087 Dec 10 '98 17:06 P.Ot  EAA Attomey General  CONFIDENTIAL FACSIMILE TRANSMISSION COVER SHEET  FAX NO, (614) 466-5087  TO: _George Baroody FAX NUMBER: __(336) 335-7392 _ PHONE NUMBER: (336) 335-7363  DATE:  1210/98  NUMBER OF PAGES INCLUDING COVER SHEET: 3 SENDER/PHONE NUMBER: ___June Flynn for Erie Brows/(614) 466.9980  ‘SPECIAL INSTRUCTIONS:  You. OF OP} ELEASE CONTACT SENDER AS: LE  ‘THIS MESSAGE IS INTENDED ONLY FOR THE USE OF THE INDIVIDUAL OR ENTITY 7O| WHOM IT IS ADDRESSED AND MAY CONTAIN INFORMATION THAT IS PRIVILEGED, | CONFIDENTIAL, AND EXEMPT FROM DISCLOSURE UNDER APPLICABLE LAW. If the] reader of this message isnot the intended recipient of the employee or agent responsible for delivering | the message to the intended reciplent, you are hereby notified that any dissemination, diseibuson, copying. or conveying of this communication in axy manner is strictly prohibited. ""If you. ave} received this communication ia eror, please notify us immediately by telephone end feaura the} criginal message to us at the address below via the USS. Postal Service, Thank you for your  _coopéfatoa.  ‘State Office Tower / $0 East Broad Sireet / Columbus, Ohio 43215-9428 wwwag.state.oh.us ‘An Equal Opportunity Employer  LL LZ6028  Dorian on enratod reper"
english_scanned,82092117.png,easyocr,9.285,1241,"AIT. CEX. FEMIN CFFICE Fax:614-466-5087 Dec 10 17:46 P.Ci Attorney General Betty D. Montgomery CONFIDENTIAL FACSIMILE TRANSMISSION COVER SHEET FAXNO. (614) 466-5087 TO: Geongs Baroody FAX NUMBER: (336)335.7392 PHONE NUMBER: (36333-7363 DATE: 42Q9B NUMBER OF PAGES INCLUDING COVER SHEET: SENDERPHONE NUMBER: Flyun for Eric Broun/(614466-8980 SPECLAL INSTRUCTIONS: EYQUDQNOT RECEIEAWY QE THEPAGES PROPERLX PLEASE CQNTACLSENDER AS SOONAS POSSIBLE NOTE; THIS MESSAGE IS INTENDED ONLY FOR THE USE OF THE WIVIDUAL OR ENTITY To} WHOM IT IS ADDRESSED AND MAY CONTAIN NORMATION THAT IS PRIVILEGED; CONFIDENTLAL AND EXEMPT FROM DISCLOSURE UNDER APPLICABLE LAW 1f the reader of tkls messagc = not tnt intcnced IcC picc} ot tt cmploytr 'gcrt responsibk for cclivcring tc mcsegc the intended mecipkcol yot 3c nrreby potiiird thar my diseination disabuion coprig conveying cf tis comiuzicktot Inaoner strictly prohlbitied K you have rcceived this comunicalon in Eor; pleesc rotily us imtneliately by tlcphone und reulm thc) original message tkc addrcs) bclox via the U.S Postal Servix_ Thank you for >our coopertion: 8 Stete Ollice Tower _ 30 East Broad Street_ Columbus; Onio 43215-3428 winag state,ch Ls An Eq48l Oppontunily Employcr Cenrntt Anattn June"
english_scanned,82092117.png,paddle,0.0,33,ERROR: Unknown argument: show_log
english_scanned,82092117.png,doctr,5.196,1342,"ATT. GEN. ADMIN. OFFICE Fax:614-466-5087 Dec 10 '98 17:46 P.01 Attorney General Betty D. Montgomery CONFIDENTIAL FACSIMILE TRANSMISSION COVER SHEET FAX NO. (614) 466-5087 TO: George Baroody FAX NUMBER: (336) 335-7392 PHONE NUMBER: (336) 335-7363 DATE: 12/10/98 NUMBER OF PAGES INCLUDING COVER SHEET: 3 SENDER/PHONE NUMBER: June Flynn for Eric Brown/(614) 466-8980 SPECIAL INSTRUCTIONS: IF YOU DO NOT RECEIVE. ANY OF THE PAGES PROPERLY, PLEASE CONTACT SENDER AS SOON AS POSSIBLE - NOTÉ: THIS MESSAGE IS INTENDED ONLY FOR THE USE OF THE INDIVIDUAL OR ENTITY TO WHOM IT IS ADDRESSED AND MAY CONTAIN INFORMATION THAT IS PRIVILEGED, CONFIDENTLAL, AND EXEMPT FROM DISCLOSURE UNDER APPLICABLE LAW. If.the reader of this message is not the intended recipient or the employee or agent responsible for délivering the message to the intended recipient, you are hereby notified that any dissemination, distribution, copying or conveying of this communication in any manner is strictly prohibited. If you have received this communication in error, picase notify us immediately by telephone and return the original message to us at the address below via the U.S. Postal Service. Thank you for your - cooperation. State Office Tower / 30 East Broad Street / Columbus, Ohio 43215-3428 www.ag.state.oh.us An Equal Opportunity Employer Orined en Resyeled Popar"
english_scanned,82200067_0069.png,tesseract,0.331,482,"09/17/97 10:88 *PBOS 641 1898 LORTLLARD PTLD Boor  To: A. Sparraw  FROM: 7.0, etacnty  (ONLY IF PARTIAL REGION CONTINUE WITH DIVISIONIS! SCOPE)  DMvision: DIVISION: Portland —-# REPS: 6 DIVISION: Seatde South REPS: 7 DIVISION: Boise # REPS: 2.5 DIVISION: Seale Nonh REPS: 4  DIVISION: Eugene REPS: 5 DIVISION: Helena REPS: 6  DIRECT ACCOUNTS AND CHAINS HEADQUARTERED WITHIN THE REGION (15 + STORES) STOCKING NO OLD GOLD MENTHOL LIGHTS OR ULTRA LIGHTS 10'S  Paget of 3 Pages  2900078"
english_scanned,82200067_0069.png,easyocr,6.967,650,08/17/97 10:55 3603 041 1898 LORILLARD FTLD 0001 To: Spamow FROM: Blachly MAY 12/ AUG Jun 231 SEP SUBJECT: QLD GOLD MENTHOL LGHIS MLIRALGHT5102'5 EbosaESS beeORI REGION: (ONLY PARTIAL REGION CONTINUE WMH DIVISIONIS} scoPei DMISION: DIVISION: Partlond REPS: DIVISION: Suutte South REPS: DIVISION: Boise RepS: 2.5 DIvISIon; Svalllo Nonth REPS: DIVISION; Eugene Reps: DIVvISION: Helena RepS: dirEcT ACCOUNTS AND CHAINS HEADQUARTERED WITHIN THE REGION (15 STORES) STOCKING NO OLD GOLD MENTHOL UGHTS OR ULTRA UGHTS 100*3 Tayacd Scattle 4ExazO Pontlond 81a Maic-o-ciovar 20 / 2 Dari-lan 125 Zip Trlp pe L 4 9 Mcick Asuo Gas EO0 / 7 1 OGALD-1644 Paget Pages
english_scanned,82200067_0069.png,paddle,0.0,33,ERROR: Unknown argument: show_log
english_scanned,82200067_0069.png,doctr,4.147,830,09/17/97 10:55 8503 841 1898 LORILLARD PTLD 0001 TO: K. A. Sparraw FROM: T. D. Blachly MAY 12[ AUG 41 JUN 23[ SEP 15[ x SUBJECT: OLD GOLI D MENTHOL LIGHTS & ULTRA LIGHTS 100'S PROGRESS.REPORT REGION: (ONLY IF PARTIAL REGION CONTINUE WITH DIVISION(S) SCOPE) DIVISION: DIVISION: Portland # REPS: 6 DIVISION: Seattle South # REPS: 7 DIVISION: Boise # REPS: 2.5 DIVISION: Seattle North : REPS: 4 DIVISION: Eugene # REPS: 5 DIVISION: Helena # REPS: 4 DIRECT ACCOUNTS AND CHAINS HEADQUARTERED WITHIN THE REGION (15 + STORES) STOCKING NO OLD GOLD MENTHOL LIGHTS OR ULTRA LIGHTS 100'S  NDLORE NO DES SALER les UNA VOLUMER STORES VAMELENS OEUME Taxaco Scattle 105 / 5 225 Texaco Portland 61 /3 27 Maid-0-Clover 20/2 15 Dari-Mart 125 I 5 31 Zip Trip 106 I 4 18 Maverick 77 / 1 19 Astro Gas 600 I 7 20  N 2 R-1: OGMUS-15.xde Page1 of 3 Pages
english_scanned,82250337_0338.png,tesseract,0.522,1342,"COMPETITIVE PRODUCT INTRODUCTION  PROGRESS REPORT To: SamZolot MANUFACTURER: __BaW FROM: D.J. Lando BRAND: Kool Waterfall DATE: “2.08e97 TYPE OF PACKINGS: Al Packing REPORTING PERIODS: oot Now X ee. Jan. ‘TEST MARKET GEOGRAPHY: oivisonse21 andsar  (Cwsiscomsim) PRICE POINT: FULLS _PIVS (indicat Distrbutor’s Cost Per Caron)  SALES FORCE INVOLVEME?  They have ctew-worked distribution, and itis reported that they may crew-workit again. Sales force has been busy  promoting old style packs to clean up inventory. All POS is being converted to ""B* Kool  DISTRIBUTORS - ACCEPTANCEMNTRO TERMS/INTRO DEALS/INVOLVEMENT:  ‘Allaccounts have the new packaging. Itwas not a problem obtaining new distribution. All accounts appear  to have 100% distribution of new packings.  CHAINS - ACCEPTANCE/MERCHANDISING:  ‘This has not been a problem. New packaging is just following up on the old ‘packaging’.  INDEPENDENTS - ACCEPTANCE/MERCHANDISING:  Very well received. The old packs are boing consolidated and promoted in select retail cations at 40¢  Coff$4.00 off cartons.  ADVERTISING - EFFECTIVENESS OF P.0.S.:  “The theme ""B* Koo! has replaced all previous POS. They have effectively replaced al old POS. New  ‘door signage, hour signs. poster mats, and clocks have the new design. “B* Kool also appears on billboards  in Winois.  PAGE 1 OF 2  L290S228"
english_scanned,82250337_0338.png,easyocr,8.63,1212,"COMPETITIVE PRODUCT INTRODUCTION PROGRESS REPQRI To: Sam Zolot MANUFACTURER: BEW FROM: Lamidio BRAND: Kool Watcrfall DATE: 2Dez-97 TYPE OF PACKINGS AlI Packings REPORTING PERIODS: Oct Nov: Jan TEST MARKET GEOGRAPHY: Divisions 621 LAlsr PRICE POINT: FULL PN $ (Indicate Distributor' s Cost Per Carton) FORCE INVOLVEMENT: have crewv- wcrked distribution and itis reported that they may crew-woIk _ 2qain Sales force _has been busy promotingold sbe packs clean YP inventor APOS being convertedto ""R"" Kocl DISTRIBUTORS_ ACCEPTANCEINTRQ TERMSIINIRQ DEALSIINVOLVEMENT: Allaccounts havo the newl packagng problem oblalning new distrbution accounis appear lohave 10030 distribution ol newpackings CHAINS - ACCEPTANCEMERCHANDISING: Thishas not peen problem Ner packaging just follkowng UP 02 the old_""packaging , INDEPENDENTS ACCEPIANCEIHERCHANDISING: Ver Tcceived The oldpacks are bcing consolidated promated select retail Locations 404 offsACD olf cartons ADVERTISING EFFEC TVENESS OF PO.Si The theme Kool has replaced allprevious POS Thex_havg effeclively replaced all oldPOS: Neu dor signage,hcur signs_poster mats and clocks Qave the new desipn, Koolals? appearg bilboards 1 Ilinois: PAGE OF 2 nnd SALES Thel and wel"
english_scanned,82250337_0338.png,paddle,0.0,33,ERROR: Unknown argument: show_log
english_scanned,82250337_0338.png,doctr,5.088,1331,"COMPETITIVE PRODUCT INTRODUCTION PROGRESS REPORT TO: Sam Zolot MANUFACTURER: B&W FROM: D.J. Landro BRAND: Kool Waterfall DATE: 2-Dec-97 TYPE OF PACKINGS: All Packings REPORTING PERIODS: Oct. Nov. X Dec. Jan. TEST MARKET GEOGRAPHY: Divisions 621 and 627 wisconiin PRICE POINT: FULL $ P/V $ (Indicate Distributor's Cost Per Carton) SALES FORCE INVOLVEMENT: They have crew-worked distribution, and it is reported that they may crew-work it again. Sales force has been busy promoting old style packs to clean up inventory. All POS is being converted to ""B"" Kool. DISTRIBUTORS - ACCEPTANCEINTRO TERMS/INTRO DEALS/INVOLVEMENT: All accounts havet the new packaging. It was not a problem obtaining new distribution. All accounts appear to have 100% distribution of new packings. CHAINS - ACCEPTANCE/MERCHANDISING: This has not been a problem. New packaging is just following up on the old ""packaging"". INDEPENDENTS - ACCEPTANCE/MERCHANDISING: Very well received. The old packs are being consolidated and promoted in select retail locations at 40g off/$4.00 off cartons. ADVERTISING -I EFFECTIVENESS OF P.O.S.: The theme ""B"" Kool has replaced all previous POS. They have effectively replaced all old POS. New door signage, hour signs, poster mats, and clocks have the new design. ""B"" Kool also appears on billboards in Illinois. PAGE 1 OF 2"
english_scanned,82251504.png,tesseract,0.355,537,"“11/08/07 11:03 tpe1a 884 oses LORILLARD TAMPA. +++ GREENSBOR @o02/003  Retail Excel Progress Report  Submission for: Distribution by/to: sly 37 ) OM to RSM 1st of Month August29() To: B.W.Caldarella RSM to RW.C, 10th September 30 ( ) oo: DOS.  October31— (K) From: Kent B, Mills  November28 ( )  December30 ( ) Area: § Region: 17  Acceptance/Response: What Merchandising pian?  the retailers response to Lorillard's Excel  Hardware Evaluation/Effectiveness: Comment on the essembly of displays and  application of shields:  +7  vOSLSZZ8"
english_scanned,82251504.png,easyocr,7.803,1262,"11/05/97 11:0J 381J 884 0663 LORILLARD_INYBA GREENSBOR 3002/003 Retail Excel Progress Report Submission Ict: Distribution bylto; July 31 DM a RSM Ist af onth August 29 To; RW_Caldarella RSM tRWC 10th September 30 CC: DOS: Octaber 31 From: Kent B_Mills Ncvember 28 December 30 Area: 5 Region: 1Z AcceptancelResponse: What is the rotailers response to Lorillard""s Excel Merchandising plan? Chains;_This programhasbeen successfulta date_withchalns where qur ""Elex Bavment_was notuIn_place The chains where we_Wem using the_""Flex Pavment"" sxstem wehave_nqtbeen 38 succesaful IheBQS requirements ofuhe E1Plan _ with Qil Companies is difficultto obtain Independents: AdditiqnalE Vmerchandising Is_being secured auickly. Additionalmonies have assisted Realon LZin fighting PMExclusives and PMRJR co existence_situations Hardware EvaluationlEffoctlveness: Comment on the assembly of displays and application of shields: Ihe displays are easily assembledand durable Some questions have_been ralsed conceming the_inability to be iush with the counterandlar_upagainst the registec Aiwellas theability to place this on the Back BariLthe_settlement goes_through Pennanent Advertising Evaluation[Eifectiveness Acceptancei (P_IP S865 Plans Only: Not availlable at this time : 2"
english_scanned,82251504.png,paddle,0.0,33,ERROR: Unknown argument: show_log
english_scanned,82251504.png,doctr,5.093,1338,"11/05/97 11:03 8813 884 0663 LORILLARD TAXPA + GREENSBOR Q002/003 - Retail Excel Progress Report Submission for: Distribution bylto: July 31 () DM to RSM 1st of Month August 29 () To: R.W. Caldarella RSM to RW.C. 10th September 30 () CC: D.O.S. October 31 (X) From: Kent B. Mills November: 28 ( ) December 30 ( ) Area: 5 Region: 1Z Accentance/Response: What is the retailers response to Lorillard's Excel Merchandising plan? Chains: This program has been successful to date with chains where our ""Flex Payment"" was not in place. The chains where we were using the ""Flex Payment"" system we have not beenas successful. The P.O.S. requirements of the P-1 Plan with Oil Companies is difficult to obtain. Independents: Additional P.V.merchandising is being secured quickly, Additional monies have assisted Region 17 in fighting. PMU Exclusives and PM/RJR co-existence situations. Hardware Evaluation/Effectiveness: Comment on the assembly of displays and application of shields: The displays are easily assembled and durable. Some.questions have_ been raised conceming the inability to befush with the counter and/or. up against the register. As well as the ability to place this on the Back Bar if the settlement goes through. Permanent Advertising Evaluation/Effectivensss/Acceptance: (P-1/P-5 & C-5 Plans Only: Not: available at this time I"
english_scanned,82252956_2958.png,tesseract,0.416,554,"FROM:  ‘SUBJECT:  KA, Sparrow  D. J. Landro  MAY 4[  aus 4|  JUN 23)  SEP 45  OLD GOLD MENTHOL LIGHTS & ULTRA LIGHTS 1900'S - PROGRESS REPORT  REGION:  (ONLY IF PARTIAL REGION CONTINUE WITH DIVISION(S) SCOPE)  DIVISION: DIVISION NAME: Milw. South DIVISION NAME: #REP z DIVISION NAME: Milw. North _ DIVISION NAME: #REP z DIVISION NAME: DIVISION NAME: # REPS  DIRECT ACCOUNTS AND CHAINS HEADQUARTERED WITHIN THE REGION (15 + STORES) STOCKING NO OLD GOLD MENTHOL LIGHTS OR ULTRA LIGHTS 100'S  Ge  ie  ae  [Walgreen Drug naa,  93]  Paget of 3 Pages  95675208"
english_scanned,82252956_2958.png,easyocr,6.433,614,To: Sparrow SUBMISEIQN DATE FROM: Landro MAY 12| AUG JUN 23 SEP 15 SUBJECT: OLDGQLDMENTIHOLLIGHTS ULIRALIGHTS 108 PROGRESS REPORI GEOGRAP REGION: (ONLY IF PARTIAL REGION CONTINUE WITH DIVISION(S} SCOPE) DIVISION: DIVISION NAME: Milw South DIVISION NAME: REP DIVISION NAME: Milw. North DIVISION NAME: DIVISION NAME: DIVISION NAME: REPS DISTRIBUTOL DIRECT ACCOUNTS AND CHAINS HEADQUARTERED WITHIN THE REGION (15 STORES) STOCKING NO OLD GOLD MENTHOL LIGHTS OR ULTRA LIGHTS 100'S INDILOR NO: INDILOR No. OF NAME @FACCQUNT VOLUME STORES NAME OF ACCOUNT VOLUME SIORES Walgreen_ 144/14 1 Ongocdk Page1 of 3 Pages REP Drug
english_scanned,82252956_2958.png,paddle,0.0,33,ERROR: Unknown argument: show_log
english_scanned,82252956_2958.png,doctr,3.454,672,- TO: K. A. Sparrow SUBMISSIONI DATE FROM: D. J. Landro MAY 12L AUG 41 JUN 23X SEP 15 SUBJECT: OLD GOLD MENTHOL LIGHTS & ULTRA LIGHTS 100'S - PROGRESS REPORT GEOGRAPHY REGION: (ONLY IF PARTIAL REGION CONTINUE WITH DIVISION(S) SCOPE) DIVISION: DIVISION NAME: Milw. South DIVISION NAME: # REP 7 DIVISION NAME: Milw. North DIVISION NAME: # REP 7 DIVISION NAME: DIVISION NAME: # REPS DISTRIBUTION DIRECT ACCOUNTS AND CHAINS HEADQUARTERED WITHIN THE REGION (15 + STORES) STOCKING NO OLD GOLD MENTHOL LIGHTS OR ULTRA LIGHTS 100'S INDILOR NO. OF IND/LOR NO. OF NAME OF ACCOUNT VOLUME STORES NAME OF ACCOUNT VOLUME STORES Walgreen Drug 144/14 93 - 2 2 OLDGOLD.XLS Page1 of 3 Pages
english_scanned,82253058_3059.png,tesseract,0.536,1122,"he  Az/t0/26 09:81 @a17 s4s0971 LORILLARD  COMPETITIVE PRODUCT INTRODUCTION PROGRESS REPORT  TO: MRS. K. A, SPARROW MANUFACTURER: R, J. Reynolds . FROM: RG. Ryan BRAND: Camel Menthol __ DATE: ¥2H0/96 ‘TYPE OF PACKINGS: Full Flavor Box and Light Box REPORTING PERIODS: AUG SEPT oct Nov _x  (Forward by the 10th of the following month.)  MARKET GEOGRAPHY: _AllofRegion7,  PRICE POINT: FULLS11.89 PS indicate  tibutor’s Cost Per Carton)  SALES FORCE INVOLVEMENT: _Merchanclsing the top tay of permanent counter dlsplays and labeling {carton fixtures inthe Camel section, Also placing metal signs and temporary Counter display  DISTRIBUTORS ~ ACCEPTANCE/INTRO TERMS/INTRO DEALS: a Product is being introduced to al Direct Accounts in the Region. Acceptance is spotty at this time,  DISTRIBUTOR INVOLVEMENT: ‘Assembly of promotional products and shipment fo ‘esehing BIGIF product  CHAINS — ACCEPTANCE/MERCHANDISING ALLOWANCE hain acceptance has been very good.  INDEPENDENTS ~ ACCEPTANCE/MERCHANDISING ALLOWANCE Acceptance is better t high volume locations than at lower volume retail cals.  (CAMEL. /EMT PAGE 1 OF 2  Boorvo02"
english_scanned,82253058_3059.png,easyocr,8.336,1145,"12/10/36 00;51 33i7 845097! LORILARD 0281/282 COMPETITIVE PRODUCT INTRODUCTION PROGRESS REPQRI To: MRS KA. SPARAOW MANUFACTURER: R, Reynolds_ FAOM: R.G: Ryan BRAND: Camel Menthol DATE: 1210/95 TYPE OF PACKINGS: Fyll Flavor_Box and Light Box REPORTING PERIODS: AUG SEPT OCT NOV (Forward by tho 1Oth of the following month ) TEST MARKET GEOGRAPHY: All 0l Region 7. PRICE POINT: FULL $11.89 PNS (Indicale Distributor's Cost Per Carton) SALES FORCE INVOLVEMENT: Merchand ising te {Op tray Opermanent counter displays and labeling carion fiuures the Camel section; Also placing metal sicng and temporary counter Cisplay: DISTRIBUTORS ACCEPTANCEIINTRO TERMSIINTRO DEALS: Product being introduced to all Direct Accounts in the Fegion_Acceplance_is spolly al this_ DISTRIBUTOR INVOLVEMENT: Assembly ot prcmotional products end shipment ""0 retail Indianapolis Direct Accounts are_reportedto be _ receivingBIG1F product CHAINS ACCEPTANCEIMERCHANDISING ALLOWANCE Cnain acceptance has Leen vely 900d. INDEPENDENTS ACCEPTANCEMMERCHANDISING ALLOWANCE Acceptance bettor atnign volume locaions tnan lower volure rotail calls 82253058 CAMEL,WKI/FMT PAGE OF 2 Vmc"
english_scanned,82253058_3059.png,paddle,0.0,33,ERROR: Unknown argument: show_log
english_scanned,82253058_3059.png,doctr,4.768,1192,12/10/36 09:51 8317 8450971 LORILLARD 2002/002 - COMPETITIVE PRODUCT INTRODUCTION PROGRESS REPORT TO: MRS. K. A. SPARROW MANUFACTURER: R. J. Reynolds FROM: R.G. Ryan BRAND: Camel Menthol DATE: 12/10/96 TYPE OF PACKINGS: Full Flavor Box and Light Box REPORTING PERIODS: AUG SEPT OCT NOV X (Forward by the 10th of the following month.) TEST MARKET GEOGRAPHY: All of Region 7. PRICE POINT: FULL $11.89 PNV $ (Indicate Distributor's Cost Per Carton) SALES FORCE INVOLVEMENT: Merchandising the top tray of permanent counter displays and labeling carton fixtures in the Camel section. Also placing metai signs and temporary counter displays. DISTRIBUTORS - ACCEPTANCE/INTRO TERMS/INTRO DEALS: Product is being introduced to all Direct Accountsi in thel Region. Acceptance is spotty at this time. DISTRIBUTOR INVOLVEMENT: Assembly of promotional products and: shipment to retail. Indianapolis Direct Accounts are reported to be receiving 81G1F product. CHAINS - ACCEPTANCE/MERCHANDISING ALLOWANCE Chain acceptance has been very good. INDEPENDENTS - ACCEPTANCE/MERCHANDISING ALLOWANCE Acceptance is better at high volume locations than at lower volume retail calls. 82253058 CAMEL.WK1/FMT PAGE 1 OF 2
english_scanned,82253245_3247.png,tesseract,0.632,1335,"To: KA Sparrow FROM: RE Lane SUBJECT: STYLE LOW PRICI  JUNE 30]  AUG 14  >ROGRESS REPORT  ‘SUBMISSION DATE]  oR oO  sep22  Nov1o  EE SREERGIVENESS Onsirandiiion BISA  (Repart on June 30 only) PRE-SELL Overall pre-sell  forts were successful, Retall accounts that previously stocked  Style Full Price accepted the introduction ofthe low price  BIGIF/2 FOR  Proved to be an excellent oo! for pulling the balance of Style Ful Price packs through  the system. This alded the field greatly during the transition.  $7.00 CARTON COUPON/BUYDOWN: —_Erfective in those retal calls that we could not exchange product out of  “Those situations were limited  (DIRECT ACCOUNTS AND CHAINS HEADQUARTERED WITHIN THE REGION  (15 + STORES) STOCKING NO LOW PRICE STYLE  : Tn nn; UNDEOR I NGIOF TWOILOR'| “NOT OF Walle oF ACcoUNT “| voLUMe |’ SToRES | ‘Naw GFACCOUNT | voLUME | sToREs| IM. Maskos & Sons Pollock Candy and Cigar McKeesport Candy Co. Sico Serve area Ty Sheetz 521/42 450 [rhvitséckord 137/20 188 DIRECT ASCOUNTS AND CHAINS HEADQUARTERED OUTSIDE THE REGION {18+ STORES) STOCKING NO LOW PRICE STYLE ee WOR] NONOF TWOILOR | NO. OF] NAME OF ACCOUNT | VOLUME: |. STORES NAME OF ACCOUNT | VoLUME | sToREs| Kroger 24 Rich Oi 82 [Super America 105: jovs 7. WH Smith 5 [71 318 Zon 23 Dairy Marts 35. |Widman Drugs 3  smexis  Page of 3 Pages  Sv7ZS778"
english_scanned,82253245_3247.png,easyocr,8.664,1186,"To: Sparfow SUBMISSION DATE FROM: Lane SEP 22 AUG 11 NOV 10 SUBJECT: SIYLELQW PRICE PROCRES: REPORI EFFECTIVENESS OF: Iransltion Plan. (Repoit onduna only) PRE-SELL Overall pre-sell emorts wefe successiul;, Relal acccunts ihat prevlously stocked Style Full Prlce accepted the Introducticn of the lovt price: BIGIF / 2 FOR 1: Proved to be an excellent for pulling the balance Style Full Price pecks through _ the syatem Thls alded the fleld grcatly dujing the tansition 57.00 CARTON COUPONIBUYDOWN: Effective those callethat Wo not oxchange product out o Those situations were Iimited DIISTRIBUTION: DIRECIAccQuIS AND CHAINS HEADQUARTEREDWTHNTHE REGION L15 SITQRES) ETOCKINGNOLOWPRICE STYLE INDILOR No. OF INDILOR NO"" OF NAME QF CcoUNT VOLUME STORES NAME OF ACCOUNT VOLUME STORES UMaskos Sons Pollock Candy and Ciqar McKeesport Candy Co Slco Scrve 104/22 Sncen 521/42 ThIUEckerd 137420 DIRECL ACCOUNTS AND CHAINS HEADQUARIERED QUTSIDE THE REGION L15 + ETQRESL STOCKINGNQLOW PRICE STYLE INDILOR NO: OF INDILOR NO. NAME OF ACCQUNI VOLUME STORES NAME QF ACCOUNT VOLUME STORES Kroger Rich Qil Super America Smith 711 318 Zon Daumun Drugs 35 1 styleXLS Paga1 of 3 Pages JUNE Hodi rotail could"
english_scanned,82253245_3247.png,paddle,0.0,33,ERROR: Unknown argument: show_log
english_scanned,82253245_3247.png,doctr,5.531,1328,"TO: K. A. Sparrow SUBMISSION DATE FROM: R. E. Lane JUNE 30[ X SEP 22 AUG 11 NOV 10 SUBJECT: STYLE LOW PRICE - PROGRESS REPORT SN S a kt EFFECTIVENESS OFaTransition Plans (Report on June 30 only) PRE-SELL Overall pre-sell efforts were successful. Retail accounts that previously stocked Style Full Price accepted the introduction of thel low price. BIGIF /2 FOR 1: Proved to be an excellent tool for pulling thel balance of Style Full Price packs through the system. This aided the field greatly during thet transition. $7.00 CARTON COUPON/BUYDOWN: Effective in those retail calls that we could not exchange product out of. Those situations were limited. F AE DISTRIBUTION - DIRECT ACCOUNTS. AND CHAINS HEADQUARTERED' WITHIN THE REGION (15 + STORES) STOCKING NO LOW PRICE STYLE IND/LOR NO. OF à IND/LOR NO! OF e NAME OF ACCOUNT VOLUME STORES NAME OF ACCOUNT VOLUME STORES M. Maskos & Sons Pollock Candy and Cigar McKeesport Candy Co. Sico Serve 104/22 18 Sheetz 521/42 150 Thrift/Eckerd 137/20 183 DIRECT ACCOUNTS, AND CHAINS HEADQUARTERED OUTSIDE THE REGION (15 + STORES) STOCKING NO LOW PRICE STYLE E a IND/LOR NO! OF INDILOR NO. OF NAME OFACCOUNT: VOLUME STORES NAME OFACCOUNT VOLUME STORES Kroger 21 Rich Oil 82 Super America 106 CVS 87 W H Smith 5 7-11 318 Zon 23 Dairy Marts 35 - Widman Drugs 43 3 STYLEXLS Page1 of 3 Pages"
english_scanned,82253362_3364.png,tesseract,0.509,786,"To. KA Sparow ‘SUBNISSION DATE  FROM JL Meine may 19 ave 14) uso (=) SEP 22 ‘SUBJECT: MAVERICK SPECIALS MENTHOL - PROGRESS REPORT  PARTIAL (ONLY F PARTIAL REGION CONTINUE WITH DIVISION(S) SCOPE) pivision: Fuu, PARTIAL,  DIVISION NAME: DIVISION NAME: REPS  DIVISION NAME: DIVISION NAME: BREPS  DIVISION NAME: DIVISION NAME: REPS  s REG fre bReS SToGHIS Ho NAYERENSreCUAS ENT  Wiuoehocou Den & ene  hese Beeage [send stm Jone-co [ etaySharvockc [aeeroars = Housen Mi at  eats one Stop Shopper art  WDLOR NO. GF Voutite | STORES  752. 2  NRE s HEAn ou (15+ STORES) STOCKING NO MAVERICK SPECIALS MENTHOL  ‘iiieoraccour | Notun | eros |v leneron 15 2 27  ‘PRE STORES,  looker Breve  [Eckerd Drugs 8. Texas  leeon  Jena 65  star Ererrse agrees  8 z 7  id  svPROsaiu Paget of 3 Pages  T9EESTCS"
english_scanned,82253362_3364.png,easyocr,9.417,1007,Spartom SUBMTSSION DATE FROM: KcGinrie MAY 19 AUG 11 JUN 30 SEP 22 SUBJECT: MAvericK SPECIALS MENIHQL PROGRESS REPORT GEOGRAPHY REGION: FULL PARTIAL (ONLY PARTIAL REGION CONTINUE WITH DIVISIONIS} SCOPE  DIVISION: FULL _ PARTIAL DIMSION NAME: DIVISION NAME; REPS DIVISION NAME: DIVISION NAME: REPS DIVSION NAME: DIMSIONNAME: REPS DISTRIEUTEI DIRECLACCQUNTS AND CHAIS HEADQUERTEREDWYIIHINIHE REGION [45+ STORES) STOCKING NOLVERICK SPECLALSILENTHOL INDILOR Ro OF INDILOR No. OF NAIEOE ACCOUNI VOLUME STORES NAIE OF ACCOUNT VOLULE STORES Don & Bens 2622 (Sac _ 752 Wesern Eeteroe ACOIcaco 9513 Speed_ Stcp 10844 Lone S-i 763 50rN-50 6222 Chamtck Abettex Houxion 319416 Imini Mbnt 653 Dez Pne3 9p 692 [SIEFer Nat DIRECLACCQUNTiANDCHAIS HEADQUARTEBED QUTSIDE IHE_RBEGLON (15+ STORES) STOCKING NOMAVERICK SPECIALS MENTHOL INDILOR INDILOR MLIE QF ACCOUNT: VOLUME STORES NAME OF ACCOUNI VOLUME STORES Chevron Brookaiije Bro '& Eckerd Dnuos 4ex22 Exxon Phlpt 66 Euepiize Wazees 0 8 MSNPROANN; Pagej of 3 Pages Iva tBL
english_scanned,82253362_3364.png,paddle,0.0,33,ERROR: Unknown argument: show_log
english_scanned,82253362_3364.png,doctr,5.228,1222,"TO: K. A. Sparrow SUBMISSION DATE FROM: J.L. McGinnis MAY 19 AUG 11 JUN30 SEP: 22 SUBJECT: MAVERICK SPECIALS MENTHOL - PROGRESS REPORT SNE GEOGRAPHY REGION: FULL, X PARTIAL, (ONLY IF PARTIALI REGION CONTINUE WITH DIVISION(S) SCOPE) DIVISION: FULL, PARTIAL, DIVISION NAME: DIVISION NAME: # REPS DIVISION NAME: DIVISION NAME: REPS DIVISION NAME: DIVISION NAME: # REPS DISTRIBUTION * DIRECTA ACCOUNTS, AND CHAINS HEADQUARTEREDI WITHIN THE REGION (15+ STORES) STOCKING NO MAVERICK: SPECIALS MENTHOL IND/LOR No. OFF 1 INDILOR No. OF NAME OF ACCOUNT VOLUME STORES NAME: OF ACCOUNT VOLUME STORES Don & Bens 26/2 20 Sac NI Pac 75/2 27 Western Beverage 42/2 15 ACO/Texaco 95/3 15 Speedy Stop 106/4 29 Lone Star 76/3 37 Get-N-Go 62/2 44 Valley Shamrock 78/4 17 Albertson's -Houston 319/16 34 Mini Mart 65/3 15 Nears One Stop 69/3 20 Shopper Mart 80/4 22 DIRECT ACCOUNTS, AND CHAINS HEADQUARTEREDS OUTSIDE THE REGION (15+ STORES) STOCKING NO MAVERICK SPECIALS MENTHOL INDILOR NO. OF do a INDILOR NO, OF NAME OF ACCOUNT VOLUME STORES a NAME OFACCOUNT VOLUME, STORES Chevron ? 115 Brookshire Bro.'s ? 38 Eckerd Drugs S. Texas ? 217 Exxon ? 38 Philip's 66 ? 27 Star Enterprise ? 70 Walgreen's ? 177 N 5 3 7 MAVPROGOXLS Page1 of 31 Pages"
english_scanned,82254765.png,tesseract,0.41,582,"To: FROM: DIV. NAME / NO: Nassau 107  1991 SPECIAL EVENT REQUEST FORM NAMEOFEVENT: _H. Levinson Tradeshow “DATE OF EVENT: 3/18/97  ‘SAMPLES /ITEMS REQUIRED: SAMPLE 10'S (400 PACKS PER CASE)  #.CASES  NEWPORTKS. KENTINKS, NEWPORT 107 KENT 101100 NEWPORTLTS. Ks. ‘TRUEKS. LT ‘NEWPORTLTS. 100 KENTKS. ae  _ KENT 100 =  _ ITEMS . BASEBALL CAP _ _WATER BOTTLES  SHIP TO: (CUSTOMER SHIPPING NUMBER 198-1160006 NYO ONLY: DATE FORWARDED TO PROMOTION SERVICES: lola  * PLEASE ALLOW 6 WEEKS FOR PROCESSING OF YOUR REQUEST.  REFORM  DATETONYO: 1/24/97  KENTGLLISKS, KENTGL 100  GOLYS72B  outer"
english_scanned,82254765.png,easyocr,6.19,569,TO: KASPARROW DATE TONYO: 124497 FROM: Reindel DIV. NAME / NO: Na g2u 107 1997 SPECIAL EVENTREQLESTFORM NAME OF EVENT: Levinson Tradeshor 'DATE OF EVENT: 318197 SAMPLES ITEMS RFQURED; SAMPLE 10S (40 PACKS PER CASE) #CASES NEWPORTKS KENT HIKS KENT GL LTSKS NEWPORT IQS KENT III 100 KENT GL I0 NEWPORT KS TRUEKS NEWPORTLTS: I0D KENTKS: KENT I0 IEMS QUANTITREQURED BASEBALL CAP 1500 WATER BOTTLES 500 SHPTO: CUSTOMER SHIPPING NUMBER 198-1160006 NYOONLY: DATE FORWARDED TO PROMOTION SERVICES: 2k 1 PLEASE ALLOW 6 WEEKS FOR PROCESSING OF YOUR REQUEST . FEOFORM 01/17/97 LTS.
english_scanned,82254765.png,paddle,0.0,33,ERROR: Unknown argument: show_log
english_scanned,82254765.png,doctr,3.206,612,TO: K A SPARROW DATETONYO: 1/24/97 FROM: S. Reindel DIV.NAME/NO: Nassau / 107 1997 SPECIAL EVENT REQUEST FORM NAME OF EVENT: H. Levinson Tradeshow *DATE OF EVENT: 3/18/97 SAMPLES / ITEMS REQUIRED: SAMPLE 10'S (400 PACKS PER CASE) CASES NEWPORTK.S. 2 KENT III KS. KENTGLLTSKS. NEWPORT. 100'S KENT III 100 KENT GL 100 NEWPORTLTS. KS. TRUEKS. NEWPORTLTS. 100 KENT KS. - KENT 100 ITEMS QUANTITY REQUIRED BASEBALL CAP 1500 WATER BOTTLES 500 SHIP TO: CUSTOMER SHIPPING. NUMBER 198-1160006 NYO ONLY: DATEFORWARDEDTO PROMOTION SERVICES: zlulgz - - * PLEASE. ALLOW 6 WEEKS FOR PROCESSING OF YOUR REQUEST. REQFORM 01/17/97
english_scanned,82491256.png,tesseract,0.325,485,"‘CASE FORM Wanda G. Robinson and Carroll Robinson v. Raybestos-Manhattan, etal.  CASE NAME: court: ‘San Francisco Superior Court - No. 996378 LORILLARD ENTITIES: Lorillard Tobacco Company DATE FILED: Suly 23, 1998 DATE SERVED: August 3, 1998, CASE TYPE: Asbestos PLAINTIFF'S, COUNSEL: Wartnick, Chaber, Harowitz, Smith& Tigerman Madelyn J. Chaber 101 California Street, Suite 2200 San Francisco, California 94111 415/986-5866 LORILLARD ‘COUNSEL: SUDGE: ‘TRIAL DATE:  957 L6¢z8 666hZ9h6"
english_scanned,82491256.png,easyocr,5.126,454,"CASE FORM CASE NAME: Wanda GRobiuson and Carroll Robinson Raybestos-Manhattan; et al COURT: San Francisco Superior Court - No. 996378 LORILLARD ENTITIES: Lorillard Tobacco Company DATE FILED: July 23,1998 DATE SERVED: Avgust 3,1998 CASE TYPE: Asbestos PLANNTIFF'S COUNSEL: Wartnick; Chaber; Harowitz; Smith& Tigerman Madelyn _ Chaber 101 California Street; Suite 2200 San Francisco, Califarnia 94MI1 415/986-5566 LORILLARD COUNSEL: JUDGE: TRLAL DATE: 1 J"
english_scanned,82491256.png,paddle,0.0,33,ERROR: Unknown argument: show_log
english_scanned,82491256.png,doctr,2.386,462,"CASE FORM CASE NAME: Wanda G. Robinson and Carroll Robinson v. Raybestos-Manhattan, et al. COURT: San Francisco Superior Court No. 996378 LORILLARD ENTITIES: Lorillard Tobacco Company DATE, FILED: July 23, 1998 DATE SERVED: August 3, 1998 CASE TYPE: Asbestos PLAINTIFFS COUNSEL: Wartnick, Chaber, Harowitz, Smith& Tigerman Madelyn J. Chaber 101 California Street, Suite 2200 San Francisco, California 94111 415/986-5566 LORILLARD COUNSEL: JUDGE: TRIAL: DATE: I I"
english_scanned,82504862.png,tesseract,0.308,488,"(CASE NAME:  court:  LORILLARD ENTITIES:  DATE FILED:  DATE SERVED:  CASE TYPE:  PLAINTIFF'S COUNSEL:  LORILLARD ‘COUNSEL:  suDGE:  ‘TRIAL DATE:  CASE FORM Donald D. Sellers and Robin J. Sellers v. Raybestos-Manhattan, etal.  ‘San Francisco Superior Court - No. 996382  Lorillard Tobacco Company  August 3, 1998  Asbestos  Wartnick, Chaber, Harowitz, Smith& Tigerman ‘StephenM.Tigerman  101 California Street, Site 2200  ‘San Franciseo, California 94111  415)986-5866  C98 P0528  SLIS29h6"
english_scanned,82504862.png,easyocr,5.051,439,"CASE FORM CASE NAME: Donald Sellers and Robin ] Sellers Raybestos-Manhattan, et al COURT: San Francisco Superior Court No. 996382 LORILLARD ENTTTTES: Lorillurd Tobacco Comnpauy DATE FILED: DATE SERVED: August $, 1998 CASE TYPE: Ashestos PLAINTIFF'S COUNSEL: Wartnick, Chaber; Harowitz Smitb& Tigernian Stephen MTigerman 101 California Street; Suite 2200 San Francisco, California 94111 415/986-5566 LORILLARD COUNSEL: JUDGE: TRIAL DATE: II"
english_scanned,82504862.png,paddle,0.001,33,ERROR: Unknown argument: show_log
english_scanned,82504862.png,doctr,2.504,449,"CASE FORM ÇASE NAME: Donald D. Sellers and Robin J.Sellers v. Raybestos-Manhattan, et al. COURT: San Francisco Superior Court - No. 996382 LORILLARD ENTITIES: Lorillard Tobacco Company DATE FILED: DATE SERVED: August 3, 1998 CASE TYPE: Asbestos PLAINTIFF'S COUNSEL: Wartnick, Chaber, Harowitz, Smith& Tigerman StephenM.Tigerman 101 California Street, Suite 2200 San Francisco, California 94111 415/986-5566 LORILLARD COUNSEL: JUDGE: TRIAL: DATE: - I"
english_scanned,82562350.png,tesseract,0.538,962,"= 05/01/00  1o:21 Tez $94 9690 LORILLARD_RGNWLL  Fax  To: _Mr. Randy Spell From: Rick Redfield  oorroos  Fox: Date: May 1,2000  Cc: Mr. Fred Patemosiro Fac 952 894-9690  Re: __Legal—lowa Pages: 4  Clurgent ([lrorReview [}PteaseComment (Jplease Reply (_]Pteazo Recycle  ‘Comments:  Attached is the lowa Department of Revenue and Finance Minimum Legal Prices on Cigarettes as of April 3, 2000. | am attempting to obtain a copy of the actual Fair Trade Law and will forward as soon as obtained.  Rick  ‘Ti aca may coin pega and contsetlfoton rtrd ofr Bo so of ha nial railyramed above. Ihe reader fhe csi isnt he ended ecplent or employee or agent responsible fr defy tothe Intmded reper yu ae ey robe ta ary scerinaton copying Usenet protd. you hav ‘ceived tis acs nemo, please nc us rea by takchone (nano icated eon) and rtf nal ‘scsi ous a he addres bow va US, Postal Sone.  208 River Ridge Cle 7.0. Bot 1538 umevito, WN SSSS7  “Telephone: (052) 0942238  0579528"
english_scanned,82562350.png,easyocr,9.352,1072,"0001/004 705/01/00 10:21 3612 89 { 9090 LORILLARD_RGN#HI Coeiland  IOBACCO COMPANY Fax Tot Mr: Randy Spell From: Rick Redlield Fax Date; May 2000 CC: Mr; Fred Paternostro Fax 952 894-9690 Rc: Legal Iowa Pages: Durgent Oror Ruview Oplease Commont Oetcare Reply Oplcaso Recyclc Comments: Attached Is the Iowa Department of Revenue and Finance Minimum Legal Prices on Cigarettes as of April 3, 2000, am allempling t0 obtain capy of the actual Fair Trade Law will forward as soon &5 oblained, Rick CORFDCNTIALIY NOTE Thu bcxlknrcnbn Mndeged J7d conldenl-1 Ikamation Intznded only lor to Usc of he indidu or onbty (med JocYA mdr maxtoltha Bxronlla is notthe intended nciolnt & emokyen or Daent fesponsibk kr defyeing #Io the hendcd rdpicr yoluc tenby noFied ualany disemlnstpn Cpying c Uis fcoiio is sbicly Rrohiblled: Ifyouhavo neccived this lacemkMEIO , Please nolly us medlately by ueptione (cullbor IIJIted bLkow) and ralan Iho &pinal poamle '0 us atthe eddrns3 bekuvia to U: Postd Senor . ] 205 River Rldje Ckck PO: Box 1589 Bumsville MN55317 Telephone: (952) 891-2238 end"
english_scanned,82562350.png,paddle,0.0,33,ERROR: Unknown argument: show_log
english_scanned,82562350.png,doctr,4.943,1187,"*05/01/00 10:21 #612 894 9690 LORILLARD RGN#11 2001/004 Yorillard TOBACCO COMPANY Fax To: Mr. Randy Spell From: Rick Redfield Fax: Date: May 1, 2000 CC: Mr. Fred Paternostro Fax: 952 894-9690 Re: Legal - lowa Pages: 4 Urgent For Ruview Please Commont Please Reply Please Recycle Comments: Attached is the lowa Department of Revenue and Finance Minimum Legal Prices on Cigarettes as of April 3, 2000. I am attempting to obtain a copy of the actual Fair Trade Law and will forward as soon as obtained. Rick CONFIDENTIALITY NOTE This facsimile may contain privleged: and confidential information intended only for the uso of the individual or entity named above. ffthe reader of the facsinile is not the intended recplent or employee or ugent responsible for defivering itio the 2 intanded recipient, you are hereby noffad thatany dissemination or copying oft this facsimile is stricly prohibited. ifyou have 5 received this facsimile in emor, please nolly us immediately by tolephone (number indicated below) and return the original - facsimile lo us at the address below via the U.: S. Postal Service. 3 - 208 Rivor Ridge Circle P.O. Box 1589 Bumsville, MN 55337 Telephone: (952) 894-2238"
english_scanned,82573104.png,tesseract,0.465,875,"xe: RBS 1269-99  Pham eRSENED COVINGTON & BURLING  pg¢-9.1999 R. B. SPELL  1201 Pennsylvania Avenue, N.W. P.O. Box 7566 ‘Washington, D.C. 20044-7566 (202) 662-6000 Fax Numbers (202) 662-6291 or (202) 737-0528 Fax Operator: (202) 662-6280  THIS FACSIMILE TRANSMISSION IS INTENDED ONLY FOR THE ADORESSEE SHOWN BELOW. IT MAY CONTAIN INFORMATION THAT IS PRIVILEGED, CONFIDENTIAL OR OTHERWISE PROTECTED FROM DISCLOSURE. ANY REVIEW, DISSEMINATION OR USE OF THIS TRANSMISSION OR ITS CONTENTS BY PERSONS OTHER THAN THE ADDRESSEE IS STRICTLY PROWIBITED. IF YOU HAVE RECENED THIS TRANSMISSION IN ERROR, PLEASE NOTIFY US IMMEDIATELY AND [MAIL THE ORIGINAL TO US AT THE ABOVE ADORI  Date: December 9, 1999 To: Haney H. Bell, Esq. From: David H. Remes  (202) 778-5212 — direct fax  Room: 803E  MU, Pages (including cover)  MESSAGE:  VOLELS%8  00m SNTTUNE ¥ NOIONTAGD x¥d 60:TT 66/60/27 “—"
english_scanned,82573104.png,easyocr,6.938,833,"Xc: kbs 12 -9-99 FRan REENVED Co VING ToN & BURLING DEC 1999 1201 Pennsyivania Avenue, N.W. R; B; SPELL PO, Box 7566 Washington DC 20044-7566 (202) 662-G000 Fax Numbers (202) 662-629 (202) 737-0528 Operator: (202)} 662-6280 ThIs FACSIMILE TRANSMISSIDN I5 INTENOED ONLY FOR THE AdOREBSEF SHOWN BELOW: It MAY CONTAIN  INFORMATION THAT Is priviLeGeD CONFIDENTIAL OR OTHERWISE PROTECTED FroM DIscLosurE: ANY REVIEW, DISSEMIMATON OR USE OF ThIS TRANSMiSSION Or Its CONTENTS By Persons Other THAN ThE Adoressce Is strictLy prohizited YOU HAVE ReceIveD This TRANSMiSSION IN ErROR, PL FASE NoTIFY Us IMMEDLATELY AND MAIL THE ORIOINAL TO Vs AT ThE AbovE adoress_ Date: December 9, 1999 To: Haney H Bell David H Remes (202) 778-5212 direct fax Room: 803E '(including cover) MESSAGE: 1 Tool ONI T4na NOIONIAO) II 80:TI 86/60/31 Esg: From: Pages"
english_scanned,82573104.png,paddle,0.0,33,ERROR: Unknown argument: show_log
english_scanned,82573104.png,doctr,3.886,862,"XC: RBS 12-9-99 FRomipt RÉLENED COVINGTON & BURLING DEC - 9 1999 R. B. SPELL 1201 Pennsylvania Avenue, N.W. P.O. Box 7566 Washington, D.C. 20044-7566 (202) 662-6000 Fax Numbers (202) 662-6291 or (202) 737-0528 Fax Operator: (202) 662-6280 THIS FACSIMILE TRANSMISSION IS INTENDED ONLY FOR THE ADDRESSEE SHOWN BELOW. IT MAY CONTAIN INFORMATION THAT IS PRIVILEGED, CONFIDENTIAL OR OTHERWISE PROTECTED FROM DISCLOSURE. ANY REVIEW, DISSEMINATION OR USE OF THIS TRANSMISSION OR ITS CONTENTS BY PERSONS OTHER THAN THE ADDRESSEE IS STRICTLY PROHIBITED. IF YOU HAVE RECEIVED THIS TRANSMISSION IN ERROR, PLEASE NOTIFY US IMMEDIATELY AND MAIL THE ORIGINAL TO US. AT THE ABOVE. ADDRESS. Date: December 9, 1999 To: Haney H. Bell, Esq. From: David H. Remes (202) 778-5212 I direct fax Room: 803E Pages (including cover) MESSAGE: < - TOOD DNITINE 9 NOJONIAOO IVA 60:IT 66/60/2T"
english_scanned,82837252.png,tesseract,0.354,459,"NEW COMPETITIVE PRODUCTS  BOBBY MILLS, REGIONAL SALES MGR., INDIANAPOLIS, IN  DATE:_8/10/90  TIME:  HALL RODECAP, NOBLESVILLE, IN  VICEROY KING BOK AND VICEROY LIGHTS KING BOX oF \ RODUCT: ! IZE OR SIZES: IST PRICE: EXTENT OF ISTRIBUTION: ER INFORMATION: SEE ATTACKED INFORMATION SHEET \ H. Tisch .Tottord 4.3, Tetut H. Orcutt F.u.Schute LH, Kersh 2 Peterson AWspeas SU Stter 8 -H. Mau NP. Rufio 8 Gordon T. Lachey S.T. Jones n R. S. Goldbrenner x EB Harrow N"
english_scanned,82837252.png,easyocr,6.011,524,"New COMPETITIVE ProducTs Mla BOBBY HILLS REGIONAL SALES HGR INDIANAPOLIS reporTED BYi DATE; 8/10/90 TIME: SOURCE OF BALL RODECAP , NCBLESVILLE NFORMATION; MANUFACTURER: VICEROY KING BOX nd VICEROY LIGHTS KING BOX BRAND NAME; TYPE OF PrODUct: SIZE OR SIZES: UST PAICE: EXTENT OF DISTRIBUTION: OTHER INFORMATION: SEE ATTACEED INFORHATION SHEET CC: H: Tisch Telford Tetulli H. Orcut Schulz H. Korsh M.A Petorson w. Spears J.r- Slater H: Mau Rultalo 1 Gordon Achey 8. T. Jonos Mastandrea McCann R.8 Goldbronnor Oiacolo ER Hartow"
english_scanned,82837252.png,paddle,0.001,33,ERROR: Unknown argument: show_log
english_scanned,82837252.png,doctr,3.269,607,"NEW COMPETITIVE PRODUCTS MKA BOBBY MILLS, REGIONAL SALES MGR., INDIANAPOLIS, IN REPORTED BY: DATE: 8/10/90 TIME: SOURCE OF HALL RODECAP, NOBLESVILLE, IN INFORMATION: B&W MANUFACTURER: BRAND NAME: VICEROY KING BOX AND VICEROY LIGHTS KING BOX TYPE OF PRODUCT: SIZE OR SIZES: LIST PRICE: EXTENT OF DISTRIBUTION: OTHER INFORMATION: SEE ATTACHED INFORMATION SHEET cc: A. H. Tisch G. Telford J. J. Tatulli R.H. Orcutt F. J. Schultz L H. Kersh M. A. Peterson A. W. Spears J.R. Slater TT. H. Mau N. P. Ruffalo - Gordon T.L Achey s. T. Jones p.P. Mastandrea P.J. McCann R. S. Goldbrenner a J. Giacolo I A. E.R Harrow"
english_scanned,83443897.png,tesseract,0.485,1125,"JAN 11 199 16:29 FR 8220  FAX TRANSMISSION  DATE: January 11, 1999 CLIENTNO: _L8557.002  To seramizess7Heean Pot  DICKSTEIN SHAPIRO  MORIVG OSHINSKY  MESSAGE T  1: Dewey Tedder  COMPANY: Lorillard Tobacco Compan  FAXNUMBER: 336/373-6917  PHONE: 336/373-6750  FROM: Andy Zausner and Rob Mangas  PHONE: 202/828-2259 and 202/828-2241  PAGES (Including Cover Sheet): __2_ HARD COPY TO FOLLOW:  MESSAGE: [The following is for your review,  wa 12 1999  Ifyour receipt ofthis transmission isin error, please notify this fiem immediately by  collect call to our Facsimile Department at 202-861-9106, and send the or  al  transmission to us by cetum mail at the address below.  “This transmission is inteaded for the sole use ofthe individual an entity to Whom ils addeesed, and may contin information dst i peileged, coubdental and exempt from dielomire under applicable Jay. You are hereby notified that any Gsseminadon, isozbution or duplication ofthis wansassion by sonicone other than the intended addesee ort designated agent is sey probibited.  21011 Steet NW Washington, DC 20087-1628 Tel 202-785-700 Fax 202-867-0089  LO8fHS8"
english_scanned,83443897.png,easyocr,8.032,1048,"JAN 11 59 16.29 FR 8223 TO 32121123557F0024 FAX TRANSMISSION DICKSTENN SHAPIRO MORIV & OSHINSKY DAT: January14,1999 CLIENT NO:: L855z.002 MESSAGE TO: Dewcy Tcdder COMPANY; Lorillard Tobacco Company FAX NUMBER: 336/373-6217 PHONE: 336/373-6750 FROM: Andy Zausncr and Rob Mang2s PHONE: 202 828-2259 and 202/828-2241 PAGES (Including Cover Shoet): HARD COPY TO FOLLOW: YES NO MESSAGE: following is for your rcview. Ky ISco Ifyour reccipt of chis transmission in cITOr, pleasc notify this firm irnmediarely by collect call to our Facsimilc Dcpartmcnt at 202-861-9106,and send thc original tansmission by rcnum miail at thc addrcss bclow. This transmision intcuded for thc solc usc ofthc indivjdual and cndnr IO wnom addresscd , ard conf un inlamction tbit privileged, couEdantbi and cxcmpt cAca tc undci ""pplablc bereby noticd that any dscminaton disuribution duplicadon ofthis tausmixion b} aonicong nther tamahe intcndcdnudtcrcOrid dcsignatcd agcnr stictly prohibited  1 2101 Street NW Washinglcn; DC 20037-1526 Tel 202-785-9700 Fax 202-387-0E39 IThe"
english_scanned,83443897.png,paddle,0.0,33,ERROR: Unknown argument: show_log
english_scanned,83443897.png,doctr,4.725,1157,"JAN 11 '99 16:29 FR 8220 TO 3212H128557HC02H P.01 FAX TRANSMISSION DICKSTEIN SHAPIRO MORINE OSHINSKY LP DATE: January 11, 1999 CLIENT NO.: L8557.002 MESSAGE TO: Dewey' Tedder COMPANY; Lorillard Tobacco Company FAX NUMBER: 336/373-6917 PHONE: 336/373-6750 FROM: Andy Zausner and Rob Mangas PHONE: 202/828-2259 and 202/828-2241 PAGES (including Cover Sheet): 2. HARD COPY TO FOLLOW: YES X NO MESSAGE: The following is for your review. JAN 12 1999 Ify your reccipt oft this transmission is in error, please notify this firm immediarely by collect call to our Facsimile Department at. 202-861-9106, and send the original transmission to us by return mail at the addrcss below, This transmission is intended for the sole use of the individual and entity to whom it is addressed, and may contain information that is privileged, confidential and cxcmpt from disclosure under applicable law. You are bereby notified that any dissemination, discribution or duplication of this transmission by somcone other than the intended addressec or its designated agent is strictly prohibited. A   2101 L: Street NW Washington, DC 20037-1526 Tel: 202-785-9700 Fax: 202-887-0689"
handwritten_english,c04-116-01.jpg,tesseract,0.215,88,"writer. He writes with Tolchard Evans, Compose fr Df ""Lady of Spain” and other bla hits."
handwritten_english,c04-116-01.jpg,easyocr,1.715,90,"Driler He wriles wilh Tolchard Ewns, compose r DF 11 'Lady of Spain 1v and olher hits_ blg"
handwritten_english,c04-116-01.jpg,paddle,0.0,33,ERROR: Unknown argument: show_log
handwritten_english,c04-116-01.jpg,doctr,1.682,87,"writer. He writes with Tolchard Evans, composer Df 1 Lady of Spain' and olher blg hits."
handwritten_english,c04-116-02.jpg,tesseract,0.224,86,"lelch, os he is unown in Tin Pan Alley, lines songs with a month in the tile. He wrote"
handwritten_english,c04-116-02.jpg,easyocr,1.45,86,"Ikh , 1 4$ he is KnoWn in Pan liues Songs wilh & monlh in Ihe tile. He wrote Tin Alley"
handwritten_english,c04-116-02.jpg,paddle,0.0,33,ERROR: Unknown argument: show_log
handwritten_english,c04-116-02.jpg,doctr,1.761,87,"lolch, as he is unown in Tin Pan Alley, lines Songs with a mon th I the tille. He wrote"
handwritten_english,c04-134-00.jpg,tesseract,0.189,58,the yum ors jye Lu de Cot hap ol Lhe Prave” “Mey of Hareb”
handwritten_english,c04-134-00.jpg,easyocr,1.397,61,"(hx Ix2 lu de  ""Sotlad Ve ) 38 Har_beu 2 Mumbers aMen Bc &v e"
handwritten_english,c04-134-00.jpg,paddle,0.0,33,ERROR: Unknown argument: show_log
handwritten_english,c04-134-00.jpg,doctr,1.669,60,The yumbers inelude >ec laya fhe Brave > Mey * of Harle th )
handwritten_english,c04-134-01.jpg,tesseract,0.214,57,"Ne Yawara’s bound,” a breeys heeves” and bag lis boce.” /"
handwritten_english,c04-134-01.jpg,easyocr,1.163,67,"77 1 Mz Nawarals bovzd , Qeeves  21 2) Eng %sl hose_ 1) leems = 9nd"
handwritten_english,c04-134-01.jpg,paddle,0.0,33,ERROR: Unknown argument: show_log
handwritten_english,c04-134-01.jpg,doctr,1.633,63,77 1 11 >) 1/ Me Va wara's bayd areeys) leeves dyd Englsh hose.
handwritten_english,c04-134-03.jpg,tesseract,0.193,60,She peas lhe pessenive wuather of a way whose bobby revw Les
handwritten_english,c04-134-03.jpg,easyocr,1.156,55,She pkas We ulher d a nan rev fvcs blly whosc Kossesive
handwritten_english,c04-134-03.jpg,paddle,0.001,33,ERROR: Unknown argument: show_log
handwritten_english,c04-134-03.jpg,doctr,1.659,63,She plays lhe possessive aal her DV a uay A a 30 holby revolves
handwritten_english,c04-134-04.jpg,tesseract,0.168,23,loll’ 3 loahe . Cound A
handwritten_english,c04-134-04.jpg,easyocr,0.698,20,4 bo}y' $ bube roind
handwritten_english,c04-134-04.jpg,paddle,0.0,33,ERROR: Unknown argument: show_log
handwritten_english,c04-134-04.jpg,doctr,1.5,18,round doil S house
handwritten_english,c04-134-05.jpg,tesseract,0.224,56,FHUREE people will be dif notscol I tog ahs ” Like Liye”
handwritten_english,c04-134-05.jpg,easyocr,1.365,55,"The FE be kyf nolscsl 1 trshks  "" Like liv? W; 2I Pxpte"
handwritten_english,c04-134-05.jpg,paddle,0.0,33,ERROR: Unknown argument: show_log
handwritten_english,c04-134-05.jpg,doctr,1.454,25,THREE plopde be Ascel y f
handwritten_english,c04-134-06.jpg,tesseract,0.156,11,"CBRE, 0.157"
handwritten_english,c04-134-06.jpg,easyocr,0.395,14,) 10 .IS Cbe €
handwritten_english,c04-134-06.jpg,paddle,0.0,33,ERROR: Unknown argument: show_log
handwritten_english,c04-134-06.jpg,doctr,1.467,14,( € 0.15  BB 1
handwritten_english,c04-150-03.jpg,tesseract,0.197,52,"Novalrenr stone The Cameo, ployed cortavously Ou lic"
handwritten_english,c04-150-03.jpg,easyocr,1.411,53,Novtlen eRoue.Tle Cueuevos played eutiu OU uously Wis
handwritten_english,c04-150-03.jpg,paddle,0.0,33,ERROR: Unknown argument: show_log
handwritten_english,c04-150-03.jpg,doctr,1.642,48,I Jovt Wem ehaue.Tle aluero ployed 1 lou - a uis
handwritten_english,c04-150-04.jpg,tesseract,0.164,0,
handwritten_english,c04-150-04.jpg,easyocr,1.203,52,"Gragy 4aee aud dstluote, ba_}led exes . stwppad Tuey"
handwritten_english,c04-150-04.jpg,paddle,0.0,33,ERROR: Unknown argument: show_log
handwritten_english,c04-150-04.jpg,doctr,1.524,52,"Gaaa Gace aud ohstluate,ha Plled eyes. Tuey stripped"
handwritten_english,c04-150-05.jpg,tesseract,0.202,44,Kner of bis uate lathle-deess f. Reore ur Co
handwritten_english,c04-150-05.jpg,easyocr,1.237,36,"Wu 0 Lks u3l& btle-dress, t Qeole Uu"
handwritten_english,c04-150-05.jpg,paddle,0.0,33,ERROR: Unknown argument: show_log
handwritten_english,c04-150-05.jpg,doctr,1.556,35,A a N aftle dress to leaue Wuee dor
handwritten_english,c04-150-06.jpg,tesseract,0.152,0,
handwritten_english,c04-150-06.jpg,easyocr,1.1,42,"ulot ke 4s& a Rrqutesed ubw lad ' RKe , Wy"
handwritten_english,c04-150-06.jpg,paddle,0.0,33,ERROR: Unknown argument: show_log
handwritten_english,c04-150-06.jpg,doctr,1.534,44,whol le was - ffer a Angutened loywlo lo a 5
handwritten_english,c04-150-07.jpg,tesseract,0.149,2,lo
handwritten_english,c04-150-07.jpg,easyocr,0.251,8,Sisloxl>
handwritten_english,c04-150-07.jpg,paddle,0.001,33,ERROR: Unknown argument: show_log
handwritten_english,c04-150-07.jpg,doctr,1.395,3,5 (
handwritten_english,c04-165-00.jpg,tesseract,0.213,45,"The C2 veplaced “What's Mg Line“ “and "" Be Us"
handwritten_english,c04-165-00.jpg,easyocr,1.133,45,Xj The Alm Whals My Line? and Be Yeplaced 9y)
handwritten_english,c04-165-00.jpg,paddle,0.0,33,ERROR: Unknown argument: show_log
handwritten_english,c04-165-00.jpg,doctr,1.633,51,"The film Yeplaced ""  hats llg Line?"" and J' Be - Hy"
handwritten_english,c04-165-01.jpg,tesseract,0.207,68,> § Nn iCiQ Cvic C eke n Po - Oo se CQ he S 2 Yn mM YQ {’ pyog es Gu
handwritten_english,c04-165-01.jpg,easyocr,1.395,48,Guest  programm<s Jecau Se- of an ele clricians'
handwritten_english,c04-165-01.jpg,paddle,0.0,33,ERROR: Unknown argument: show_log
handwritten_english,c04-165-01.jpg,doctr,1.535,46,Guest Yogrammes becaus Se of an ele cericia ns
noisy_receipts,X51005230659.jpg,tesseract,0.475,466,"SWC ENTERPRISE SDN BHD ay (1125830-V)  no. 5-7, Jalan Mahagoni 7/1, Sekysen 4, Bandar Utama, 44300 Batang Kali, Selangor.  Tel : 03-6057 1377  TAX INVOICE (GST ID No. : 002017808384) 08/01/2018 Cashier: 123 11:07:06 No 30100080332  Ttem/Desc. Qty Price Amt. - 20X30 BEG 1KG91X30} 20X30 1kK6 i 8.00 8.00  Total Qty : 1 TOTAL AMOUNT 8.00 CASH 10.00 CHANGE 2,00 G 26% Included In Tatel 0.45  Thank You ! Please Come Again !  Goods Sold Gnly Exchangable Within 3 Days} —"
noisy_receipts,X51005230659.jpg,easyocr,4.848,430,"SWC ENTERPRISE SDN BHD (1125830-V) NO . 5-7, Jalan Mahagoni 7/1, Sekysen 4, Bandar Utama, 44300 Batang Kali, Selangur. Tel 03-6057 1377 TAX INNCCE (GST ID No 002017808384) 08/01/2018 Cashier: 123 11:07.06 No:0100080332 Item/Desc . Price Amt. Zox3o BEG 1KG91XJo) Zox3o 1KG 8.00 8.0Q Total TOTAL AMOUNT 8.00 CASH 10.00 CHANGE 2.00 34o Wtuded J Tatel 0.45 Thank You Please Come Again Goods Sold Only Exchangable Within 3 Days Qty Qty"
noisy_receipts,X51005230659.jpg,paddle,0.0,33,ERROR: Unknown argument: show_log
noisy_receipts,X51005230659.jpg,doctr,2.766,451,"SWC ENTERPRISE SDN BHD (1125830-V) NO. 5-7, Jalan Mahagoni 7/1, Sekysen 4, Bandar Utama, 44300 Batang Kali, Selangor. Tel : 03-6057 1377 TAX INVOICE (GST ID No. : 002017808384) 08/01/2018 Cashier: 123 11:07:06 No:0100080332 Item/Desc. Qty Price Amt. 20X30 BEG 1KG91X30) 20X30 1KG 1 8.00 8.00 Total Qty : 1 TOTAL AMOUNT 8.00 CASH 10.00 CHANGE 2.00 G 26%0 InciudedIn Totel 0.45 Thank You ! Please Come Again ! Goods Sold Only Exchangable Within 3 Days :"
noisy_receipts,X51005806719.jpg,tesseract,0.752,689,"POSTED  SATU KAMPUNG ENTERPRISE SDN BHD (1127686-k) NO.42, PASAR BORONG SELANGOR: JALAN PUTRA PERMAI,  43300 SERI KEMBANGAN, SELANGOR TEL : 03-8938 2188 SATUKAMPUNGESB@GMAIL..COM GST ID : 000816205824  eee eT AX' INVOICE See Doc No » €S00039037 Date: 13/01/201, Cashier » USER Time: 2337.00 Salesperson © Ref: ee ccc) tem ty S/Price__S/Price_ Amount V1 KITO1 3 19.81 21.00 63.00 Sk KITCHENWARE Ws 3 !”:~*C Total Sales (Exciuding GST) : 59.42 Discount : G00 TotalGST . Shai? Rounding : 0.00 Total Sales (Inclusive of GST) : ) CASH : F Change : 7.00  POSTED IARY es ae % Amt(RM) = Tax (RM) 6 59.43 3.87 | “SDN BHD Total: $843 ST 956-H Sp ae ‘SAR BORONG  Os  _D ARE NOT RETURNABLE, THANK YoU."
noisy_receipts,X51005806719.jpg,easyocr,8.09,643,"SATU KAMPUNG ENTERPRISE POSTED) SDN BHD (1127686-K) NO.42, PASAR BORONG SELANGOR' JALAN PUTRA PERMAI, 43300 SERI KEMBANGAN, SELANGOR TEL 03-8938 2188 SATUKAMPUNGESB@GMAII COM GST ID 000816205824 IAX INVQICE Doc No CS00039037 Dale. 13101221 Cashier USER Tinie' 23 37 0Q Salesperson Ref (GST) (GST) Item S Price SIPrice Amouni I Kito1 19.81 21.00 63.0u Sk KITCHENWARE Tolal 63 OH) Total Sales (Exciuding GST) 54.42 Discount U j0 Total GST 3.&7 Rounding 0.@d) Total Sales (Inclusive of GST) 63 00 CASH 70 70 Change 7.00 IARY % Aint LRM Tax (Fm) 6 59. 43 3.57 SDN BHD Total 59.43 3.37 956-H ISAR BORONG 0 ARE NOT RETURNABLE, THIANK Yju Qty: POSTED"
noisy_receipts,X51005806719.jpg,paddle,0.0,33,ERROR: Unknown argument: show_log
noisy_receipts,X51005806719.jpg,doctr,3.407,666,"FOSTED SATU KAMPUNG ENTERPRISE SDN BHD (1127686-K) NO.42, PASAR BORONG SELANGOR JALAN PUTRA PERMAI, 43300 SERI KEMBANGAN, SELANGOR TEL:03-8938 2188 SATUKAMPUNGESBOGMAIL.CM GST ID : 000816205824 TAX INVOICE Doc No. CS00039037 Date: 13/01/201, Cashier - USER Time: 2337.00 Salesperson : Ref: (GST) (GST) Item Qty S/Price S/Price Amouni Tax KITO1 3 19.81 21.00 63.00 SR KITCHENWARE Total Qty: 3 6300 Total Sales (Exciuding GST) : 59.43 Discount : 0.00 Total GST - 3.57 Rounding : 0.00 Total Sales (Inclusive of GST) : 63.00 CASH : 70.00 Change : 7.00 POSTED 1ARY % Amt (RM) Tax(RM) 6 59.43 3.57 SDN BHD Total: 59.43 3.57 956-H SAR BORONG D ARE NOT RETURNABLE, THANK YOu"
noisy_receipts,X51006248253.jpg,tesseract,0.534,512,"Dream Arts  L 2-047, LEVEL 2, VIVACITY MEGAMALL, JALAN WAN ALWI, 93350 KUCHING  GST Reg.: 000168861696  Document No. : T02035040 Date : 29/03/2018 07:35:38 PM Terminal : TO2  --Garchier : CASHIERO1  U. PRICE Disc AMOUNT  L123 ANDROID USB CABLE (CODE15) 1 UNIT ~ 15.00 0.00 15.00  Sub Total (Exclusive GST) : GST 6% : Rounding Adjustment :  Rounded Total (RM):  Cash  GST Summary Amount(RM)  SR @ 6% : THANK YOU AND PLEASE COME AGAIN Goods sold cannot be retumed & payment not refundable.  Happy Shopping with us."
noisy_receipts,X51006248253.jpg,easyocr,8.572,540,"Dream Arts L2-047, LEVEL 2, VIVACITY MEGAMALL, JALAN WAN ALWI, 93350 KUCHING GST 000168861696 Document No: T02035040 Date 29/03/2018 07:35.38 PM Terminal T02 Ca_hier CASHIERO1 DESC U. PRICE Disc AMOUNT QTY RM RM L123 ANDROID USB CABLE (CODE1S) 1 UNIT 15.00 0.00 15.00 Sub Total (Exclusive GST) 14.15 GST 6% 0.85 Rounding Adjustment O.00 Rounded Total (RM): 15.00 Cash 15.00 GST Summary Amount(RM) Tax(Rm) SR 6% 14.15 0.85 THANK YOU AND PLEASE COME AGAIN Goods sold cannot be returned & paymenl nol refundable: Shopping with us. Reg: : Happy"
noisy_receipts,X51006248253.jpg,paddle,0.0,33,ERROR: Unknown argument: show_log
noisy_receipts,X51006248253.jpg,doctr,3.073,558,"Dream Arts L 2-047, LEVEL 2, VIVACITY MEGAMALL, JALAN WAN ALWI, 93350 KUCHING GST Reg.: 000168861696 Document No. : TO2035040 Date : 29/03/2018 07:35:38 PM Terminal: : TO2 Cashier : CASHIERO1 DESC U. PRICE Disc AMOUNT QTY RM RM L123 ANDROID USB CABLE (CODE15) 1 UNIT * 15.00 0.00 15.00 Sub Total (Exclusive GST): 14.15 GST 6% : 0.85 Rounding Adjustment : 0.00 Rounded Total(RM): 15.00 Cash 15.00 GST Summary Amount(RM) Tax(RM) SR @ 6% 14.15 0.85 THANK YOU AND PLEASE COME AGAIN. Goods sold cannot be returned & payment not refundable. Happy Shopping with us."
noisy_receipts,X51006311714.jpg,tesseract,0.479,336,” Prono § Thank You For Shopping At Guardian All Agounts Are in RH Goods sold are non-refundable. Dispensed medicines sold are not returnable. All exchanges and returns including Guardian brand products must be made within 7days with original receipts and PrOgUct in original condition. §t:8500 Ctr2 10:2005 TaxInv:55488 12525 OL /01/18
noisy_receipts,X51006311714.jpg,easyocr,9.187,769,2620:nJ Euardian Kealth And Feauty Sdn Ehd GOlARIS  #aquNT KIARA Nd.8 & 1O: GF SOLARIS VOUNT KUARA ZLN BOLARIS 5 Tel:03-62057941 Compary Reg #1101083-T GST  Feg #000855874816 RH 121092943 FFEEHAX EXYCH 602 22.44 8 SUBTOTAL 22.44 ROUNDING   ADJUSTMENTS 0.01 TOTAL } (GS7 INCI) 22.45 Visa Card 22.45 Trare Mo. 016036 CARD NO. 4617728**38*2105 Qurier   Name YOR SAVINGS fof TowaY 3.96 GST Fate ~__GST Excl GST  Art 8 6k 21.17 1.2 Promo price items Tharik You For   aoFpirg At Guardian Ail Gounts Are in RH Goods sold are non-refundable. Dispensed medicines sold are nt returnable: Al1 exchanges ad returrs including Guardian brand products Iust be lade within 'days with original receipts ad Froduct In original condition: st:8300 Ctr 2 ID:2005 TaxInv:53488 12:23 01/01/18
noisy_receipts,X51006311714.jpg,paddle,0.001,33,ERROR: Unknown argument: show_log
noisy_receipts,X51006311714.jpg,doctr,3.64,768,V : : - : Guardian Health And Beauty Son Bhd SOLARIS MOUNT KIARA NO.8 & 10: GF SOLARIS MOUNT KUARA JLN SOLARIS 5 Tel:03-62057941 Company Reg #1101083-T GST Reg #000899874816 RM 121092943 FREEMAN BK/CH 60Z A 22.44 S SUBTOTAL 22.44 ROUNDING ADJUSTMENTS 0.01 TOTAL (GST INCL) 22.45 Visa Card 22.45 Trace No. 016036 CARD NO. 461772XXXXXX2105 Owner Name YOUR SAVINGS FOR TODAY 3.96 GST - Rate GST Excl - GST Amt S 62 21.17 1.27 A Promo price items Thank You For Shopping At Guardian All Amounts Are in RM Goods sold are non-refundable. Dispensed medicines sold are not returnable. All exchanges and returns including Guardian brand products must be made within 7days with original receipts and product in original condition. St:8300 Ctr2 ID:2005 TaxInv:53488 12:23 01/01/18
noisy_receipts,X51006387950.jpg,tesseract,0.437,434,AMANO MALAYSIA SON BHD (682288-V ) 12 JALAN PENGACARA U1/48 TEMASYA INDUSTRIAL PARK 40150 SHAH ALAM SELANGOR TEL: 03-55695002/5003  eo 10: 001137704960 )  TAX INVOICE  P/S #02 A INV-No. 00023004 17000134 T/O #11 Ticket No. 020622 Entry Time 30/04/2017 (Sun) 21:45 Paid Time 30/04/2017 (Sin) 22:49  Parking Time 1:04 Type Rate A RM1.00 Park ing Fee RMO. 94 GST(Included) 6.00 % alowe 4 Total M1.00 Paid RM1.00 Change R410.00  Thank You
noisy_receipts,X51006387950.jpg,easyocr,4.712,437,{ESRz AMANO MALAYSIA SON BHD (682288-V ) 12 JAI AN FENGACARA U1/48 TEMASYA   INUSTRIAL PARX 40150 SHH ALAM SEL ANGCR TE : 03-55693002/503 (CST  ID: Q1137/040 ) TAX INOIC P/S 12 A IN-N: 02304417000134 T/d 41 - Tickel N U26Z2 Enty Tiire 30/04/2017 (s) 21.45 Paid Time 9//1 (Sn) 2: 4g Park ing 1;04 Type Rale RMI. 0 Park Fee Fm. 94 GST ( Irclukd _ 6.0 R.665 =52 Tota1 01 0 0 Paid RM1 . 0 0 cange RMO _ 0 0 Tark Yau Irclusive 62 GST Tile ing
noisy_receipts,X51006387950.jpg,paddle,0.0,33,ERROR: Unknown argument: show_log
noisy_receipts,X51006387950.jpg,doctr,2.671,444,a AMANO MALAYSIA SON BHD 682288-V) 12 JALAN PENGACARA U1/48 TEMASYA INDUSTRIAL PARK 40150 SHAH ALAM sal ANGOR TEL: 03-55695002/5003 (GST ID: 001137704960) TAX INVOICE P/S #02 A INV-No.0002300417000134 T/D #11 Ticket No.029622 Entry Time 30/04/2017 (Sn) 21:45 Paid Time 30/04/2017 (Sun) 22:49 Parking Time 1:04 Type Rate A RM1.00 Parking Fee RMO.94 GST(Included) 6.00 % RMO.06/ - Total RM1.00 Paid RM1.00 Change RMO.00 Thank You Inclusive 6% GST
noisy_receipts,X51006387973.jpg,tesseract,0.804,926,"IN  Your order ‘number j is  163  Gerbang Alaf Re <curants Sdn Bhd (65357 -M) formerly known as Golden Arches Restaurants Sdn Bhd Licensee of McDonald's Level 6, Bangunan TH, Damansara Uptown3 No.3, Jalan $$21/39,47400 Petaling vaya Selangor (GST ID No: 000504664064) NcDonald's Kota Damansara DT(#178) Tel No. 03-615*-2180 TAX INVOICE  MFY Side | INV#.00178020001"" a -REG #2 J17 13:29:56 QTY Tif TOTAL 1 L DbleCheese 11.10 i! Coke NO Ice iL Fries * Doub leCheese 7.70 | L AyamGoreng 15526 L Co’ 01 L Fr oes 1 L 9Nuggets 13.10 | Honey Mustard Sauce French Cheese Sauce 1 L Coke NO Ice L Fries -Eat-In Total (incl GST) 47,15 Total Rounded Gash Tendered 100.00 Change 52.85 UTAL .WCLUDES 6% GST 2.67 S. +t) ie  We'd love to hear your feedback!  Visit www.medfeedback .com.my OR Download My McD Feedback from Google Play/App Store  to share your experience Thank You and Please Come Again. Customer Service Hotline : 03-2726-5600"
noisy_receipts,X51006387973.jpg,easyocr,10.895,914,"Your order"" rumber is 163 Gerbang Alaf Rv '&#rants Sdn Bhd (6535, -M) formerIy known as Go}den Archies Restaurants Sdn Bhd Licensee of McDonaId 's Leve1 6 Bangunan TH Damansara Uptoln3 No,.3 , Jalan SS21/39,47400 Petaling Jaya Selangor (GST   ID No: 000504664064) McDonaId 's Kota Damansara DT(#178) Tel No _ 03-6 '52-2180 TAX INVOIC_ MFY Side Inv# 00178020001 = O30 REG #2 -017 13.29;56 Qiy ITLi TOTAL Db leCheese 11,10 Coke NO   Ice 1 L Frjes Doub leCheese 7,70 L AyamGnreng 15,25 L Co' NO 1 L Fr 25 gNuggets 13.10 Honey Mustard Sauce French Cheese Sauce L Coke NO Ice L Fries Eat-In Total (inc] GST) 47.15 Tota] Rounded 47.75 Cash % 100 . 00 Change 52 .85 0fa' 'LLUDES 6% GST 2,67 41-1$ We 'd  Iove to hear your feedback ! Visit WHw mcdfeedback .com . my OR Down load My McD Feedback from Google /App Store to share your experience Thank  You and Please Come Again_ Customer Service Hot ] ine 03-2726-5600 Playe"
noisy_receipts,X51006387973.jpg,paddle,0.001,33,ERROR: Unknown argument: show_log
noisy_receipts,X51006387973.jpg,doctr,4.365,922,"Your order rumber is 163 Gerbang Alaf Restaurants Sdn Bhd (65351-M) formerly known as Golden Arches Restaurants Sdn Bhd Licensee of McDonald's Level 6, Bangunan TH, Damansara Uptown3 No.3, Jalan SS21/39,47400 Petaling Jaya Selangor (GST ID No: 000504664064) McDonald's Kota Damansara DT(#178) Tel No. 03-6'5f-2180 TAX INVOIC: MFY Side 1 INV# 001780200017 ORD -REG #2 2017 13:29:56 QTY ITEA TOTAL 1 L DbleCheese 11.10 1 L Coke NO Ice 1 L Fries 1 DoubleCheese 7.70 1 L AyamGoreng 15.25 1 L Co' NO I 1L Fr es 1 L 9Nuggets 13.10 1 Honey Mustard Sauce 1 French Cheese Sauce 1 L Coke NO Ice 1 L Fries Eat-In Total (incl GST) 47.15 Total Rounded 47.15 Cash T au 100.00 Change 52.85 TOTAL NCLUDES 6% GST 2.67 V 47-15 We'd love to hear your feedback! Visit ww.ncodfedback.com.ny OR Download My McD Feedback from Google Play/App Store to share your experience Thank You and Please Come Again. Customer Service Hotline : 03-2726-5600"
noisy_receipts,X51006388068.jpg,tesseract,0.339,15,ror 34 fu de  i
noisy_receipts,X51006388068.jpg,easyocr,10.249,658,"Sn: Bhd. 9p017925h2 Sek U? Shah Alam CST Np 001?51645696 D5/ed400827/36805 11/05717 10 73; SALAD BuLAT 0.38 6. DO ShlAD BUlAT POSTED 0.335 x &.0D 21 7 SIEW FAR Chdy PKt 1 X 2.D0 nn 7 NESTWM ALL FANILY CEREAL QRI S/P 25n5 1 X 4.15 DAuN BANANC 0.11 X L0.91 DhWn KETWHBAR THAI 0.115 18.96 ALISHAN FrWIt COCKTAZL 8366 2 % 5.55 ""1 On MIGHTY MARK BLEACH i0L J X iI50 34 7n hIGhTY MARK @IshWASH 11L 2 % l1.50 Dn No -f -`m: 17 Subootal Incl EST RM Rounding:Rm Total Incl: CST RM Haster XXXXXXXXXXXx?ilJ; Change RM Missed Point Tojay: 79 Served Ly ROHANA bIntI #D DALI 8 ` GST Summarz 0ST Code Amcunt(Rn) 1 30Wo: d0ldd69*340036805 Zpod %4 Not Betumnalle  Carty Reg OV"
noisy_receipts,X51006388068.jpg,paddle,0.0,33,ERROR: Unknown argument: show_log
noisy_receipts,X51006388068.jpg,doctr,4.152,810,"Cash, & Carry Sona Bhd. 9P217928 Sek U9, Shah Alan GST Reg No : 001951645696 05/sd400827/36805 11/05/17 10:13am SALAD BULAT 0.38 X 6.00 POSTED 2.28 Z SALAD BULAT 0.385 X 6.00 2.31 Z SIEW PAK CHOY - PKT 1 X 2.00 2.00 Z NESTUM ALL FAMILY CEREAL ORI S/P - 2500 1 X 4.19 4.19 S DAUN BAWANG 0.11 X 10.91 1.20 7 DAUN KETUMBAR THAI 0.115 X 18.96 2.18 7 ALISHAN FRUIT COCKTAIL 836G 2 X 5.95 11.90 S MIGHTY MARK BLEACH 10L 3 X 11.50 34.50 S MIGHTY MARK DISHWASH 11L 2 X 11.50 23.00 S 0V No of items: 13 Subtotal Incl. GST:RM 83.56 Rounding:Rh -0.01 Total Incl. GST:RM 83.55 Master XXXXXXXXXXXX113: 83.55 Change:RM 0.00 Missed Point Today: 79 Served by ROHANA BINTI MD DALI 8 l  XX A GST Summary AA *** GST Code Amount(RH) Tax(RM) Z 00.0% 9.77 0.00 S 06.0% 69.42 4 V Ref No: 00600696340036805 Goods D. Not Returnable, TO"
noisy_receipts,X51006388089.jpg,tesseract,0.456,282,"YONG GEN ENTERPRSS 8, JALAN SUBANES JOSS 3, 40150 SHAH ALAM, SELANGOR. TEL: 042-0710409  GST NO: 001447081824  RECEIPT #  ITEM QTY UP AMOURIT GOSS24 1400424 0.6)  ZRLIKAN BILIS  SUB-TOTAL OC 0.  TOTAL 108.00 | Obf4 CASH 108.00 CHANGE 0.00  GOODS SOLD ARE MOT RETURNABLE,  THANK YOU."
noisy_receipts,X51006388089.jpg,easyocr,6.384,480,"Cp) YONG CEN ENTERPRYSE 9 JALAN SUBANGJASA3 40150 SHAH ALAM, SELANGOR TEL; 012-9740493 GST NO: 006f4703/324 GASH REGEIFT # C30063apuz DATE: 21062017 SALESPERSON TimE: 07.s0.00 COUNTER ITEM OtY Ufp AMOUNT 055521f1D04J4 {0O 0.55 55,00 ZRL:IKAN BILIS PEK AOOT PuTiX 10oG 9556223500307 50.{J@ 50.00 SR FEI YAN BRAND YOUNGGOAN4253( TOTAL QuanTiTY {0 SUB-TOTAL 105.@o DISC O.0o CST 2.00 Ti} 0.@ ROuNDIG 0 00 18 TOTAL 103.00 GASH 103.@0 GHANGE o.oo COODS SOLDARENOT RETURNABLE; THANK YOU"
noisy_receipts,X51006388089.jpg,paddle,0.0,33,ERROR: Unknown argument: show_log
noisy_receipts,X51006388089.jpg,doctr,2.753,500,"(P) YONG CEN ENTERPRISE 9, JALAN SUBANG JASA3, 40150 SHAH ALAM, SELANGOR. TEL: 012-9719498 GST NO: 001147981324 CASH REGEIPT #: C300030502 DATE: 21/05/2017 SALESPERSON: TIME: 07:50:00 COUNTER: ITEM OTY LP AMOUNT 9555211100434 100 0.55 55.00 ZRLIKAN BILIS PEK BOOT PUTR 100G 9555223500307 1 50.00 50.00 SR:FEI YAN BRAND YOUNG CORN 425G (E TOTAL QUANTITY 101 SUB-TOTAL 105.00 DISC 0.00 GST 3.00 N TAX 0.00 ROUNDING 0.00 TOTAL 103.00 108 CASH 103.00 GHANGE 0.00 GOODS SOLD ARE NOT RETURNABLE, THANK YOU."
noisy_receipts,X51006389894.jpg,tesseract,0.533,492,"KING’S CONFECTIONERY S/B 275500-U {JJ} 3425, Gr. Floor Jin Theater, Jinjang Utara 52100 K.L. TEL :03-47311233 (G57 ID : 000294060032) Tax Inwoice Inv No :3720275852 Date:10/10/17 20:58 Cashier :FTi1822 Ctr :01  491023 ICE-CREAM 1 58.00 9 58.00 5 211010 Portugues 46 2.00 0 12.008  fue 70.00 Pay 100.06 Change 30.00  (Total Included 6ST @€ 4% : 3.963 GOONS SOLD NOT RETURNABLE/EXCHANGEABLE! THANK YOU PLEASE COME AGAIN: | TASTY BAKING HEALTHY NATION! ! ==VYisit us online at wwa.kings.com.mys="
noisy_receipts,X51006389894.jpg,easyocr,9.206,530,"KING'S CONFECTIONERY S/B 273500-V (JJ) 3425, Gr . Floor Jln Theater , Jinjang Utara 52100 Kl: TEL :03-67311233 (GST ID 6 000294060032) Tax Inyoice Inv No :JJ30275852 Date:10/10/17 20.58 Cashier:FT11822 Ctr :01 Code Qcy RM DZ Amt 691023 ICE-CREAM 58.Q0 0 58-Qo 9 211010 Partuques 2.00 12-00 8 Qty 70.00 Rounding Adj 0.QQ Due 70.00 100.00 Cnange 3.00 (Total Included GST 62 0 3.96) Goods SOLD NOT RETURNABLE/EXCHANGEABLE: THANK YOU PLEASE COME AGAIN! Tasty BAKING KEALTHY NATION: ==Visit uS Online at Wua 4 #Com- mYF= Desc Pay kings"
noisy_receipts,X51006389894.jpg,paddle,0.0,33,ERROR: Unknown argument: show_log
noisy_receipts,X51006389894.jpg,doctr,3.058,542,"KING'S CONFECTIONERY S/B 273500-U (JJ) 3425, Gr. Floor Jln Theater, y Jinjang Utara 52100 K.L. TEL :03-67311233 (GST ID : 000294060032) Tax Invoice Inv No JJ30275852 Date:10/10/17 20:58 Cashier:FT11822 Ctr :01 Code Desc Qty RM DZ Amt 691023 ICE-CREAM 1 58.00 0 58.00 S 211010 Portugues 6 2.00 0 12.00 S Qty 7 70.00 Rounding Adj a 0.00 Due 70.00 Pay 100.00 Change 30.00 (Total Included GST @ 6% : 3.96) GOODS SOLD NOT RETURNABLE/EXCHANGEABLE: THANK YOU PLEASE COME AGAIN!! TASTY BAKING HEALTHY NATION!! w=Visit us online at WWw. kings.com.my=="
noisy_receipts,X51006389898.jpg,tesseract,0.554,529,"RESTORAN WAN SHF 002042°19-  No.2, Jalan Temengguna 19/9, Seksyen 9, Bandar Mahkota Cher as, 43200 Cheras, Selangor GST REG NO: 00133578752  Tax Invoice  INV No.: 784997 Cashier: Nicole Date : 29- ""tes 20i7 a2: we 53  descrip ion aty UL price Total TAX Tiger (B)  6 x 12. 00 72.00 SR Guiness Stout (B) Promotion  6 x x 15. 40 92. 40 SR  Total ary: 12  Total (Excluding G51): 155. 09 GST payable (6%): 9.31 lotal (inclusive of GST): 164. 40 TOTAL : 164. 40 CASH : : 164. 40 GST Summary Amount (RM) Tax (RM)  SR (@ 6%) 155. 09 9.31"
noisy_receipts,X51006389898.jpg,easyocr,9.734,516,"RESTORAN Wan  SHF' 002043*19-W No. 2 Jalan Temenggung 19/9, Seksyen 9, Bandar  Mahkota Cheras, 43200 Cheras, Sel angor GST   REG NO:  001335787520 Tax Invoice INV No. 784997 Cashier : Nicole Date 29-09-2017 22:19:53 Descr ipl ion Qty U.price Total TAX Tiger (B) 6 X 12.00 72.00 SR Guiness Stout (B) Promotion 6 X 15. 40 92.40 SR Total QTY: 12 Total (Excludirg 61) : 155. 09 GST  payable (6%) 9.31 Total (Inclusive of GST) : 164. 40 TOTAL : 164 40 CASH 164. 40 GST   Summary Amounl (RM) Tax (RM) SR (@ 6%) 155.0g 9.31"
noisy_receipts,X51006389898.jpg,paddle,0.0,33,ERROR: Unknown argument: show_log
noisy_receipts,X51006389898.jpg,doctr,2.938,504,"RESTORAN WAN SHF 002043319-W No.2, Jalan Temenggung 19/9, Seksyen 9, Bandar Mahkota Cher ras, 43200 Cheras, Selangor GST REG NO: 001335787520 Tax Invoice INV No. : 784997 Cashier: Nicole Date : 29-09-2017 22:19:53 Description Qty U.price Total TAX Tiger (B) 6 X 12.00 72.00 SR Guiness Stout (B) Promotion 6 X 15.40 92.40 SR Total QTY: 12 Total (Excluding GST): 155.09 GST payable (6%): 9.31 Total Inclusive of GST): 164.40 TOTAL: 164.40 CASH : 164.40 GST Summary Amount (RM) Tax(RM) SR (@ 6%) 155.09 9.31"
noisy_receipts,X51006392167.jpg,tesseract,0.581,625,"Aneka Intertrade  * GST Reg mo C0153  SOB, Jalan TUDI4,Kg Bar 46150 Shah Alam,  Selangor Oaru! Ehsan, Malaysia.  vel (4603) 7845 3088 = Fax (+603) 7843 0300  SABO120170619012 19/06/17 : Cashier: Ezza Ezm vee 67:52:18 sO  Subang  2:15 pm  * Milo Actigen-& 31n1 18'sx33g  ge 0001217233 11.9072 23.80 S ITEM: 1 Total with GST @ b% 23.80 QTY: 2 ROUNDING 0,00 TOTAL SAVING 0.00 TOTAL 23.80  TENDER  Cash 50.80 CHANGE 27.00 GST Analysis Goods Tax Amount S = 6% 22.45 135 Z=0% 0.00 6.006  caress BOSTED™  Please CHECK your BALANCE due and all goods purchased are IN ORDER THANK (OU SEE YOU AGAIN! * NO REFUND O& EXCHANGE IS ALLOW  y"
noisy_receipts,X51006392167.jpg,easyocr,7.743,679,"Areka iniertrace Moinetig €d 66q (52448,.7} Wellmart W SAZ GST No C61532760034 15OB, Jalan TUCMA, Kg Baru Subang 40150 Shah Alam, Eelango: Darul Elsan Malavsia Tel 7603) 7245 {uje Fax (+60J) 7843 ,230O SAB61201766190120 19/06/17 07.52.15 pr Cashier: Ezza Ezn) 19/06/17 07:52.18 pm Milo Actigen E 3in1 18's*33y 95560101217233 11.90' 2 23.30 5 ITEM; Total with; GS1 ( ""iu 23.80 QTY: ROUNOING 0,00 TOTAL SAVING 0.Oj) TOIAL 23,80 TENLER Cash 50.50 CHANGE vi 00 GST Analysis Goods Ta, Amount 5 =6"" 22 45 1.35 2 O"", 0 0u 0 Oo Consider PTS 22 ROSTED Please CHECK /34l BAi ANCE Gue and all Punahased are IN ORDER. THGNK YQu SEE YOU AGAINI MO REFUND Oc EXCHANGS 15 A{LOWEC Peg goods 23-86"
noisy_receipts,X51006392167.jpg,paddle,0.001,33,ERROR: Unknown argument: show_log
noisy_receipts,X51006392167.jpg,doctr,3.532,692,"Aneka intertrade Mioiketing Sdn Bna (524483-X) Wellmart € SA2 GST Reg NNO 001532760054 150B, Jalan TUDM,Kg Baru Subang 40150 Shah Alam, Celango: Daru! Ehsan, Malaysia. Tel: (+603) 7845 3058 Fax (+603) 7843 0300 SAB01201706190120 19/06/17 07:52:15 pm Cashier: Ezza Ezm 19/06/17 07:52:18 pm + Milo Actigen-E 3in1 18'sx33g 9556001217233 11.90'2 23.80 S ITEM: 1 Total with GST (D 6% 23.80 QTY: 2 ROUNDING 0.00 TOTAL SAVING: 0.00 TOTAL 23.80 TENDER Cash 50.80 CHANGE 27.00 GST Analysis Goods Tax Amount S = 6% 22.45 1.35 V Z=0% 0.00 0.00 Consider PTS. 22 FOSTED Please CHECK your BALANCE due and all goods purchased are IN ORDER. THANK YOU SEE YOU AGAIN! * . NO REFUND OR EXCHANGS IS ALLOWED 23-80"
noisy_receipts,X51006401845.jpg,tesseract,0.337,216,"‘Buy Sell Trade Sdn. Blut. G04812-% Tax Invoice _ GST Ib: 001969250560 2 & 2A, Jalan Kasuarina 1/KS 7, 7 Randa Botanik, 41200 Klang, SELANGOR  ‘S NO.: 0007/0112423 04/02/2017 07:14PM Amount CRM)  26,90  Total Sal  oS"
noisy_receipts,X51006401845.jpg,easyocr,6.536,445,"Bi; Scll Trac? c_ C 60,*12-X Tax Invojce 651 I0 , 0o1 36,925056,0 7 < 21 , Jelan Kasuzrina I/KS 1, Rac&' Fotamk 41204 KTang , SELANGOR (5 No 0007/0112423 0*/02/7017 07.I4PM So]d To: C9 Descriplion AJesunice ) Tnlico Nojoi/coukinG POt 7 "" 76,90 26 "" hiscounit €. (c % 22 .#0 Total (ty: 1 Tota? Sales; Tncksiv CSr 26.87 Cash 21.6C Voucher 0 00 Cheque 0,Do Cuize 0.i0 Cst Simmary Aumolt (ft Tix(rM} 57 6 . 0ni 75 1.52 Cashcn 425007 Tkznk Yol Plesse"
noisy_receipts,X51006401845.jpg,paddle,0.0,33,ERROR: Unknown argument: show_log
noisy_receipts,X51006401845.jpg,doctr,2.863,478,"L. Buy Sell Trade Son. atudd. 604412-X Tax Invoice GST ID: 001869250560 2 & 2A, Jalan Kasuarina 1/KS 7, Bandar Botanik, 41200 Klang, SELANGOR CS No.: 0007/0112423 04/02/2017 07:14PM Sold To: CASH Description Amount(RM) TNL149/V070F/COOKING POT SR 1 X 26.90 26.90 Discount 0.00 X: 28.90 Total Qty: 1 Totai Sales Inclusive GST 26.90 Cash 27.00 Voucher 0.00 Cheque 0.00 Chnge 0.10 GST Summary Amount(RM) Tax(RM) SR @ 6.00% 25.38 1.52 - Cashier: 435007 Thank You. Please Come Again."
noisy_receipts,X51006401853.jpg,tesseract,0.486,504,"i —_—  99 SPEED MART S/B (519537-X) LOT P.T. 2811, JALAN ANGSA, TAMAH BERKELEY 41150 KLANG, SELANGOR 1299-SUBANG PERHAI GST ID. NOs 000181747712  INVOICE NO > 17736/102/T0275  042 34H $62004 07-02-17 0857 INDOCAFE COFFEEHIX 3IN RH29.95 s 407 CADBURY CHOCOLATE HAZEL RH?.49 Total Sales (Inclusive GST) RH 37.44 Rounding Adjustaent RY ft Rounding RH = 37.45 CREDIT RH 37.45 CHARGE RH 00 657 Summary Aaount{RH) Tax {RH s = 6/ 36.32 242 a  Thank You. Please come again Keep the invoice for applicable returns"
noisy_receipts,X51006401853.jpg,easyocr,6.238,510,"99 SPEED NART S/8 (519537-X) LOt F.T. 2811, JALAN ANGSA, TaHAK  BERKELEY 41150 KLANG,  SELANGOR 1299-SWBANG PERHAI GST ID. NO 8 (00131747712 INVDICE NQ 17736/102/16275 06; 34PH 562004 07-02-17 Fa t 0857   INdOcAFE  COFFEENIX 3IN P82? . 95 5 407 CRdBurY ChOcQLATE  HRZEL Pr7 , 49 Total Sales {Iriclusive GST} RH 37,44 Rounding Adjustuent RH 01 Rouriding RH 37.45 CREDIT Rm 37.45 CHARGE Rh 0Q 6S1 Suwwary Aaourt (RH) Tax{RH) 5 67. 35.32 2,12 Tharik You. Please cobe againi Ihe invoice for applicable returns Keep"
noisy_receipts,X51006401853.jpg,paddle,0.0,33,ERROR: Unknown argument: show_log
noisy_receipts,X51006401853.jpg,doctr,2.818,498,"99 SPEED MART S/B (519537-X) LOT P.T. 2811, JALAN ANGSA, TAMAN BERKELEY 41150 KLANG, SELANGOR 1299-SUBANG PERMAI GST ID. NO : 000181747712 INVOICE NO : 17936/102/10275 06:34PM 562004 07-02-17 0857 INDOCAFE COFFEEMIX 3IN RM29.95 5 407 CADBURY CHOCOLATE HAZEL RM7.49 S Total Sales (Inclusive GST) RH 37.44 Rounding Adjustment RM .01 Rourding RM 37.45 CREDIT RM 37.45 CHANGE RM .00 GST Sunmary Amount(RM) Tax(RM) S = 67 35.32 2.12 V Thank You. Please cone again Keep the invoice for applicable returns"
noisy_receipts,X51006401977.jpg,tesseract,0.42,324,". PF) (s : ‘ KS  B & BEST RESTAURANT (001619235-P ) e@ GST NO. : 001800839168 NO.12, df AN SS40/5,PETALING JAVA SE ANGOR DARUL EHSAN TEL : 612-2060 778 HeTAX INVOICE +  BILL NO: 00133863 / POSO1 BIZDATE: 19/04/2017 CASHIER: Manager  TED: 19/04/2017 12:44:57 PM RM 2 SHBALL “NOODLE @7, 0 14.00  SUB 101A  GST 6%  ROUNDING  ea"
noisy_receipts,X51006401977.jpg,easyocr,6.92,474,"<w) ) B & BEST RESTAURAN [ (001610235-P) GSi HU_ Q0|800839168 No,i2 ,Ji AN SSAC/S,PETALING JAYA SF .ANGOR DARUL  EHSAN 13L 012-2060 778 #tTay INVOTCE++ BiLL NO: 00133885 POSO 1 BIZDATE: 19/04/20917 CASH[ER: Manager PRINTFD; 19/04/*2917 12:44.57 PM RM F [SHBA_[ NOODLE 47, 00 14,"" 2 SUP   TOTAL 14,06; GST 6% 0.34 ROUNDInG ALJ 0,.0i NET TOTaL 4,85 Cash 85 CHANGE 0,0 Stxt Tha k !C Peasi ~ja 1/1 httus:/ ;11 , iaccbook .COm/B-B:: Restaurant 01. Tel Nil} Be Crarges GST TbJ lwl"
noisy_receipts,X51006401977.jpg,paddle,0.0,33,ERROR: Unknown argument: show_log
noisy_receipts,X51006401977.jpg,doctr,2.878,467,"B & BEST RESTAURANT (001610235-P) GST NO. : 001800839168 NO.12,JA AN SS4C/5,PETALING JAYA SELANGOR DARUL EHSAN TEL : 012-2060 778 **TAX INVOICE** BILL NO: 00133885 / POS01 BIZDATE: 19/04/2017 CASHIER: Manager PRINTED: 19/04/2017 12:44:57 PM RM 2 FISHBALL NOODLE @7.00 14.00 2 SUB TOTAL 14.00 GST 6% 0.84 ROUNDING ADJ 0.01 NET TOTAL (485 4.85 Cash 14.85 CHANGE 0.00 Saffluh Thank You...Please gain... https://.iacebock.com/B-Be t-Restaurant Al item Will Be Charges GST"
noisy_receipts,X51006414425.jpg,tesseract,2.097,677,"hollo[>  UNIHAKKA INTERNATIONAL SDN BHD 05 Apr 2018 18:25  (867388-U) 12, Jalan Tampoi 7/4,Kawasan Perindustrian Tampoi,81200 Johor Bahru, Johor  TAX INVOICE Invoice # : OR18040502160302 Item Qty Total SR 100100000031- 3 Vege $4.40 1 $4.40 SR 100100000064-Add Vegetable $0.50 1 | $0.50 SR 100100000065-Add Meats $0.90 : 1 $0.90 SR 109100000015- Vegetable $1.10 1 $1.10  Total Amount: $6.90 GST @6%: $0.39 Nett Total: $6.90  Payment Mode Amount  CASH $6.90  Change $0.00  GST Summary Amount($) Tax($)  SR=GST @6% 6.5] 0.39 GST REG #000656195584  BAR WANG RICE@PERMAS JAYA (Price Inclusive Of GST) Thank You & Come Again!  Like and Follow Us on Facebook! Facebook.com/BarWangRice"
noisy_receipts,X51006414425.jpg,easyocr,30.81,651,"Holkolz UNIHAKKA INTERNATIONAL SDN BHD 05 Apr 2018 18.25 (867388-U) 12, Jalan Tampoi 7/4,Kawasan Perindustrian Tampoi,81200 JohorBahru,Johor TAX INVOICE Invoice # OR18040502160302 Item aty Total SR 100100000031- 3 Vege S4.40 S4.40 SR /00100000064-Add Vegetable S0.50 SO.50 SR I00100000065-Add Meats S0.90 $0.90 SR 1001000O0015- Vegetable S1.10 S1.10 Total Amount: $6.90 GST @6%: $0.39 Nett Total; $6.90 Payment Mode Amount CASH S6.90 Change SO.00 GST Summary Amount() Tax(s) SR = GST @69 6.51 0.39 GST REG #000656195584 BAR WANG RICE@PERMAS JAYA (Price Inclusive Of GST) Thank You & Come Againl Like and Follow Us on Facebookl Facebook com/BarWangRice"
noisy_receipts,X51006414425.jpg,paddle,0.001,33,ERROR: Unknown argument: show_log
noisy_receipts,X51006414425.jpg,doctr,5.496,655,"A04012 UNIHAKKA INTERNATIONAL SDN BHD 05 Apr 2018 18:25 (867388-U) 12, Jalan Tampoi 7/4,Kawasan Perindustrian Tampoi,81200 Johor Bahru,Johor TAXINVOICE Invoice #: OR18040502160302 Item Qty Total SR 100100000031-3Vege $4.40 1 $4.40 SR 100100000064-Add Vegetable $0.50 1 $0.50 SR 100100000065-Add Meats $0.90 1 $0.90 SR 100100000015- Vegetable $1.10 1 $1.10 Total Amount: $6.90 GST @6%: $0.39 Nett Total: $6.90 Payment Mode Amount CASH $6.90 Change $0.00 GST Summary Amount(S) Tax(s) SR GST @6% 6.51 0.39 GST REG #000656195584 BAR WANG RICE@PERMAS JAYA (Price Inclusive Of GST) Thank You & Come Again! Like and Follow Us on Facebook! Facebook.comBarWangtice"
